W0816 15:08:29.501000 5869 torch/distributed/run.py:851] 
W0816 15:08:29.501000 5869 torch/distributed/run.py:851] *****************************************
W0816 15:08:29.501000 5869 torch/distributed/run.py:851] Setting OMP_NUM_THREADS environment variable for each process to be 1 in default, to avoid your system being overloaded, please further tune the variable for optimal performance in your application as needed. 
W0816 15:08:29.501000 5869 torch/distributed/run.py:851] *****************************************
Model built: 1011.5M parameters
Model built: 1011.5M parameters
Model built: 1011.5M parameters
Model built: 1011.5M parameters
Compiling model (first step will be slow)...
Optimizer groups: 210 decay, 62 no-decay (fused=True)
/home/ubuntu/picotalk/train/train.py:127: FutureWarning: `torch.cuda.amp.GradScaler(args...)` is deprecated. Please use `torch.amp.GradScaler('cuda', args...)` instead.
  self.scaler = GradScaler(enabled=self.use_amp)

Train files: ['arxiv_train.bin', 'cosmopedia_train.bin', 'dclm_train.bin', 'fineweb_edu_train.bin', 'openwebmath_train.bin', 'stack_v2_train.bin']
Val files: ['arxiv_val.bin', 'cosmopedia_val.bin', 'dclm_val.bin', 'fineweb_edu_val.bin', 'openwebmath_val.bin', 'stack_v2_val.bin']
Loaded 6 files, 103,255,879,895 total tokens
/home/ubuntu/picotalk/train/train.py:127: FutureWarning: `torch.cuda.amp.GradScaler(args...)` is deprecated. Please use `torch.amp.GradScaler('cuda', args...)` instead.
  self.scaler = GradScaler(enabled=self.use_amp)
/home/ubuntu/picotalk/train/train.py:127: FutureWarning: `torch.cuda.amp.GradScaler(args...)` is deprecated. Please use `torch.amp.GradScaler('cuda', args...)` instead.
  self.scaler = GradScaler(enabled=self.use_amp)
Loaded 6 files, 1,043,880,584 total tokens

Train files: ['arxiv_train.bin', 'cosmopedia_train.bin', 'dclm_train.bin', 'fineweb_edu_train.bin', 'openwebmath_train.bin', 'stack_v2_train.bin']
Train files: ['arxiv_train.bin', 'cosmopedia_train.bin', 'dclm_train.bin', 'fineweb_edu_train.bin', 'openwebmath_train.bin', 'stack_v2_train.bin']

Val files: ['arxiv_val.bin', 'cosmopedia_val.bin', 'dclm_val.bin', 'fineweb_edu_val.bin', 'openwebmath_val.bin', 'stack_v2_val.bin']Val files: ['arxiv_val.bin', 'cosmopedia_val.bin', 'dclm_val.bin', 'fineweb_edu_val.bin', 'openwebmath_val.bin', 'stack_v2_val.bin']

Loaded 6 files, 103,255,879,895 total tokensLoaded 6 files, 103,255,879,895 total tokens

Loaded 6 files, 1,043,880,584 total tokens
Loaded 6 files, 1,043,880,584 total tokens
/home/ubuntu/picotalk/train/train.py:127: FutureWarning: `torch.cuda.amp.GradScaler(args...)` is deprecated. Please use `torch.amp.GradScaler('cuda', args...)` instead.
  self.scaler = GradScaler(enabled=self.use_amp)

Train files: ['arxiv_train.bin', 'cosmopedia_train.bin', 'dclm_train.bin', 'fineweb_edu_train.bin', 'openwebmath_train.bin', 'stack_v2_train.bin']
Val files: ['arxiv_val.bin', 'cosmopedia_val.bin', 'dclm_val.bin', 'fineweb_edu_val.bin', 'openwebmath_val.bin', 'stack_v2_val.bin']
Loaded 6 files, 103,255,879,895 total tokens
Loaded 6 files, 1,043,880,584 total tokens
/home/ubuntu/picotalk/train/train.py:254: FutureWarning: `torch.cuda.amp.autocast(args...)` is deprecated. Please use `torch.amp.autocast('cuda', args...)` instead.
  with autocast(enabled=self.use_amp, dtype=self.dtype):
/home/ubuntu/picotalk/train/train.py:254: FutureWarning: `torch.cuda.amp.autocast(args...)` is deprecated. Please use `torch.amp.autocast('cuda', args...)` instead.
  with autocast(enabled=self.use_amp, dtype=self.dtype):
/home/ubuntu/picotalk/train/train.py:254: FutureWarning: `torch.cuda.amp.autocast(args...)` is deprecated. Please use `torch.amp.autocast('cuda', args...)` instead.
  with autocast(enabled=self.use_amp, dtype=self.dtype):
wandb: [wandb.login()] Loaded credentials for https://api.wandb.ai from /home/ubuntu/.netrc.
wandb: Currently logged in as: thevivekpandey (thevivekpandey-personal) to https://api.wandb.ai. Use `wandb login --relogin` to force relogin
wandb: setting up run fu27gxpl
wandb: Tracking run with wandb version 0.28.1
wandb: Run data is saved locally in /home/ubuntu/picotalk/wandb/run-20260816_150847-fu27gxpl
wandb: Run `wandb offline` to turn off syncing.
wandb: Syncing run picotalk-1b-4xh100
wandb: ⭐️ View project at https://wandb.ai/thevivekpandey-personal/picotalk
wandb: 🚀 View run at https://wandb.ai/thevivekpandey-personal/picotalk/runs/fu27gxpl

============================================================
Picotalk Training
============================================================
Model: 1011.5M parameters
Device: cuda:0
Mixed precision: True (torch.bfloat16)
Batch size: 8 (effective: 512)
Gradient accumulation: 16
Max steps: 45,000 (optimizer steps)
Tokens/step: 1,048,576
Total token budget: 47.19B
Warmup steps: 1,000
Learning rate: 3.00e-04
Weight decay: 0.1
Distributed: 4 GPUs
============================================================

/home/ubuntu/picotalk/train/train.py:254: FutureWarning: `torch.cuda.amp.autocast(args...)` is deprecated. Please use `torch.amp.autocast('cuda', args...)` instead.
  with autocast(enabled=self.use_amp, dtype=self.dtype):
/home/ubuntu/picotalk/train/train.py:254: FutureWarning: `torch.cuda.amp.autocast(args...)` is deprecated. Please use `torch.amp.autocast('cuda', args...)` instead.
  with autocast(enabled=self.use_amp, dtype=self.dtype):
/home/ubuntu/picotalk/train/train.py:254: FutureWarning: `torch.cuda.amp.autocast(args...)` is deprecated. Please use `torch.amp.autocast('cuda', args...)` instead.
  with autocast(enabled=self.use_amp, dtype=self.dtype):
/home/ubuntu/picotalk/train/train.py:254: FutureWarning: `torch.cuda.amp.autocast(args...)` is deprecated. Please use `torch.amp.autocast('cuda', args...)` instead.
  with autocast(enabled=self.use_amp, dtype=self.dtype):
/home/ubuntu/picotalk/train/train.py:254: FutureWarning: `torch.cuda.amp.autocast(args...)` is deprecated. Please use `torch.amp.autocast('cuda', args...)` instead.
  with autocast(enabled=self.use_amp, dtype=self.dtype):
Step     20 | Loss 9.2729 | LR 6.00e-06 | Tokens/s  174,889 | Total 0.02B tokens
Step     40 | Loss 8.3459 | LR 1.20e-05 | Tokens/s  216,549 | Total 0.04B tokens
Step     60 | Loss 7.7150 | LR 1.80e-05 | Tokens/s  215,298 | Total 0.06B tokens
Step     80 | Loss 7.2965 | LR 2.40e-05 | Tokens/s  216,247 | Total 0.08B tokens
Step    100 | Loss 6.8852 | LR 3.00e-05 | Tokens/s  215,867 | Total 0.10B tokens
Step    120 | Loss 6.5957 | LR 3.60e-05 | Tokens/s  214,720 | Total 0.13B tokens
Step    140 | Loss 6.2723 | LR 4.20e-05 | Tokens/s  215,599 | Total 0.15B tokens
Step    160 | Loss 6.1017 | LR 4.80e-05 | Tokens/s  215,499 | Total 0.17B tokens
Step    180 | Loss 5.9184 | LR 5.40e-05 | Tokens/s  215,396 | Total 0.19B tokens
Step    200 | Loss 5.6597 | LR 6.00e-05 | Tokens/s  215,320 | Total 0.21B tokens
Step    220 | Loss 5.5580 | LR 6.60e-05 | Tokens/s  215,425 | Total 0.23B tokens
Step    240 | Loss 5.4485 | LR 7.20e-05 | Tokens/s  214,438 | Total 0.25B tokens
Step    260 | Loss 5.2675 | LR 7.80e-05 | Tokens/s  212,046 | Total 0.27B tokens
Step    280 | Loss 5.0449 | LR 8.40e-05 | Tokens/s  211,269 | Total 0.29B tokens
Step    300 | Loss 5.0867 | LR 9.00e-05 | Tokens/s  209,996 | Total 0.31B tokens
Step    320 | Loss 5.0101 | LR 9.60e-05 | Tokens/s  211,389 | Total 0.34B tokens
Step    340 | Loss 4.7036 | LR 1.02e-04 | Tokens/s  211,202 | Total 0.36B tokens
Step    360 | Loss 4.7681 | LR 1.08e-04 | Tokens/s  211,511 | Total 0.38B tokens
Step    380 | Loss 4.7350 | LR 1.14e-04 | Tokens/s  211,577 | Total 0.40B tokens
Step    400 | Loss 4.6000 | LR 1.20e-04 | Tokens/s  210,108 | Total 0.42B tokens
Step    420 | Loss 4.3903 | LR 1.26e-04 | Tokens/s  211,389 | Total 0.44B tokens
Step    440 | Loss 4.4132 | LR 1.32e-04 | Tokens/s  211,643 | Total 0.46B tokens
Step    460 | Loss 4.2991 | LR 1.38e-04 | Tokens/s  209,744 | Total 0.48B tokens
Step    480 | Loss 4.2711 | LR 1.44e-04 | Tokens/s  210,782 | Total 0.50B tokens
Step    500 | Loss 4.2012 | LR 1.50e-04 | Tokens/s  211,193 | Total 0.52B tokens
Step    520 | Loss 4.0509 | LR 1.56e-04 | Tokens/s  211,402 | Total 0.55B tokens
Step    540 | Loss 4.0666 | LR 1.62e-04 | Tokens/s  211,624 | Total 0.57B tokens
Step    560 | Loss 3.9248 | LR 1.68e-04 | Tokens/s  211,512 | Total 0.59B tokens
Step    580 | Loss 3.8637 | LR 1.74e-04 | Tokens/s  210,171 | Total 0.61B tokens
Step    600 | Loss 3.9171 | LR 1.80e-04 | Tokens/s  210,272 | Total 0.63B tokens
Step    620 | Loss 3.7022 | LR 1.86e-04 | Tokens/s  211,412 | Total 0.65B tokens
Step    640 | Loss 3.6904 | LR 1.92e-04 | Tokens/s  210,105 | Total 0.67B tokens
Step    660 | Loss 3.4375 | LR 1.98e-04 | Tokens/s  211,632 | Total 0.69B tokens
Step    680 | Loss 3.5652 | LR 2.04e-04 | Tokens/s  211,468 | Total 0.71B tokens
Step    700 | Loss 3.5635 | LR 2.10e-04 | Tokens/s  211,570 | Total 0.73B tokens
Step    720 | Loss 3.5132 | LR 2.16e-04 | Tokens/s  211,531 | Total 0.75B tokens
Step    740 | Loss 3.5488 | LR 2.22e-04 | Tokens/s  211,093 | Total 0.78B tokens
Step    760 | Loss 3.3965 | LR 2.28e-04 | Tokens/s  210,931 | Total 0.80B tokens
Step    780 | Loss 3.4141 | LR 2.34e-04 | Tokens/s  211,840 | Total 0.82B tokens
Step    800 | Loss 3.3551 | LR 2.40e-04 | Tokens/s  211,893 | Total 0.84B tokens
Step    820 | Loss 3.2964 | LR 2.46e-04 | Tokens/s  210,380 | Total 0.86B tokens
Step    840 | Loss 3.2867 | LR 2.52e-04 | Tokens/s  211,838 | Total 0.88B tokens
Step    860 | Loss 3.2719 | LR 2.58e-04 | Tokens/s  211,499 | Total 0.90B tokens
Step    880 | Loss 3.1838 | LR 2.64e-04 | Tokens/s  211,607 | Total 0.92B tokens
Step    900 | Loss 3.2029 | LR 2.70e-04 | Tokens/s  211,614 | Total 0.94B tokens
Step    920 | Loss 3.0677 | LR 2.76e-04 | Tokens/s  210,643 | Total 0.96B tokens
Step    940 | Loss 3.1161 | LR 2.82e-04 | Tokens/s  211,132 | Total 0.99B tokens
Step    960 | Loss 3.0131 | LR 2.88e-04 | Tokens/s  211,673 | Total 1.01B tokens
Step    980 | Loss 3.1139 | LR 2.94e-04 | Tokens/s  210,445 | Total 1.03B tokens
Step  1,000 | Loss 3.0793 | LR 3.00e-04 | Tokens/s  210,972 | Total 1.05B tokens
/home/ubuntu/picotalk/train/train.py:281: FutureWarning: `torch.cuda.amp.autocast(args...)` is deprecated. Please use `torch.amp.autocast('cuda', args...)` instead.
  with autocast(enabled=self.use_amp, dtype=self.dtype):
/home/ubuntu/tf_venv/lib/python3.10/site-packages/torch/_inductor/lowering.py:2212: UserWarning: Torchinductor does not support code generation for complex operators. Performance may be worse than eager.
  warnings.warn(
/home/ubuntu/picotalk/train/train.py:281: FutureWarning: `torch.cuda.amp.autocast(args...)` is deprecated. Please use `torch.amp.autocast('cuda', args...)` instead.
  with autocast(enabled=self.use_amp, dtype=self.dtype):
  Validation: Loss 3.1687 | PPL 23.78
/home/ubuntu/picotalk/train/train.py:307: FutureWarning: `torch.cuda.amp.autocast(args...)` is deprecated. Please use `torch.amp.autocast('cuda', args...)` instead.
  with autocast(enabled=self.use_amp, dtype=self.dtype):
  --- samples @ step 1,000 ---
    'Once upon a time' -> , you'll realize the time of the big event, its time, and the time.\n\n"Good morning, I'm going to give you a few minutes and I'll get to my bed, I'll go to the
    'The meaning of life is' ->  made up of by the heart.\n\nThe body is made up of the body and the whole part of its body is made up of the body and the muscles are created by the body. The 
    'In Python, you can' ->  set the dimensions of the world for the world to understand. This world is filled with powerful stories, tales, and people who have discovered the universe thr
    'The theory of relativity states that' ->  satisfies non-exponent theories. For example, we consider the non-exponent model with a single non-zero eigenvalue of the order of the data, and we want to stu
    'def fibonacci(n):' -> \n        # 0.0000000000000000000000000000000000000000001000\n        plt.plot(nax0, 'r
  New best model saved (val_loss=3.1687)
  Checkpoint saved: step_1000.pt
/home/ubuntu/picotalk/train/train.py:254: FutureWarning: `torch.cuda.amp.autocast(args...)` is deprecated. Please use `torch.amp.autocast('cuda', args...)` instead.
  with autocast(enabled=self.use_amp, dtype=self.dtype):
Step  1,020 | Loss 3.1009 | LR 3.00e-04 | Tokens/s  121,755 | Total 1.07B tokens
Step  1,040 | Loss 2.9416 | LR 3.00e-04 | Tokens/s  211,822 | Total 1.09B tokens
Step  1,060 | Loss 2.9989 | LR 3.00e-04 | Tokens/s  211,586 | Total 1.11B tokens
Step  1,080 | Loss 3.0720 | LR 3.00e-04 | Tokens/s  212,055 | Total 1.13B tokens
Step  1,100 | Loss 3.1126 | LR 3.00e-04 | Tokens/s  209,937 | Total 1.15B tokens
Step  1,120 | Loss 3.0196 | LR 3.00e-04 | Tokens/s  211,648 | Total 1.17B tokens
Step  1,140 | Loss 2.9423 | LR 3.00e-04 | Tokens/s  211,565 | Total 1.20B tokens
Step  1,160 | Loss 2.9634 | LR 3.00e-04 | Tokens/s  210,615 | Total 1.22B tokens
Step  1,180 | Loss 2.8337 | LR 3.00e-04 | Tokens/s  211,704 | Total 1.24B tokens
Step  1,200 | Loss 2.9768 | LR 3.00e-04 | Tokens/s  211,465 | Total 1.26B tokens
Step  1,220 | Loss 2.7749 | LR 3.00e-04 | Tokens/s  211,861 | Total 1.28B tokens
Step  1,240 | Loss 2.9893 | LR 3.00e-04 | Tokens/s  211,877 | Total 1.30B tokens
Step  1,260 | Loss 2.8897 | LR 3.00e-04 | Tokens/s  209,790 | Total 1.32B tokens
Step  1,280 | Loss 2.8639 | LR 3.00e-04 | Tokens/s  211,821 | Total 1.34B tokens
Step  1,300 | Loss 2.8021 | LR 3.00e-04 | Tokens/s  211,892 | Total 1.36B tokens
Step  1,320 | Loss 2.8017 | LR 3.00e-04 | Tokens/s  210,699 | Total 1.38B tokens
Step  1,340 | Loss 2.7731 | LR 3.00e-04 | Tokens/s  210,730 | Total 1.41B tokens
Step  1,360 | Loss 2.8428 | LR 3.00e-04 | Tokens/s  211,609 | Total 1.43B tokens
Step  1,380 | Loss 2.6975 | LR 3.00e-04 | Tokens/s  211,675 | Total 1.45B tokens
Step  1,400 | Loss 2.8526 | LR 3.00e-04 | Tokens/s  211,774 | Total 1.47B tokens
Step  1,420 | Loss 2.8742 | LR 3.00e-04 | Tokens/s  211,846 | Total 1.49B tokens
Step  1,440 | Loss 2.8650 | LR 3.00e-04 | Tokens/s  210,635 | Total 1.51B tokens
Step  1,460 | Loss 2.8272 | LR 3.00e-04 | Tokens/s  212,234 | Total 1.53B tokens
Step  1,480 | Loss 2.7102 | LR 3.00e-04 | Tokens/s  211,266 | Total 1.55B tokens
Step  1,500 | Loss 2.7176 | LR 3.00e-04 | Tokens/s  211,157 | Total 1.57B tokens
Step  1,520 | Loss 2.7339 | LR 3.00e-04 | Tokens/s  212,263 | Total 1.59B tokens
Step  1,540 | Loss 2.6604 | LR 3.00e-04 | Tokens/s  212,305 | Total 1.61B tokens
Step  1,560 | Loss 2.7429 | LR 3.00e-04 | Tokens/s  211,349 | Total 1.64B tokens
Step  1,580 | Loss 2.7022 | LR 3.00e-04 | Tokens/s  212,440 | Total 1.66B tokens
Step  1,600 | Loss 2.7088 | LR 3.00e-04 | Tokens/s  211,467 | Total 1.68B tokens
Step  1,620 | Loss 2.6904 | LR 3.00e-04 | Tokens/s  212,421 | Total 1.70B tokens
Step  1,640 | Loss 2.6819 | LR 3.00e-04 | Tokens/s  212,400 | Total 1.72B tokens
Step  1,660 | Loss 2.6705 | LR 3.00e-04 | Tokens/s  211,205 | Total 1.74B tokens
Step  1,680 | Loss 2.7266 | LR 3.00e-04 | Tokens/s  212,566 | Total 1.76B tokens
Step  1,700 | Loss 2.5617 | LR 3.00e-04 | Tokens/s  211,511 | Total 1.78B tokens
Step  1,720 | Loss 2.5735 | LR 3.00e-04 | Tokens/s  212,469 | Total 1.80B tokens
Step  1,740 | Loss 2.7924 | LR 3.00e-04 | Tokens/s  212,362 | Total 1.82B tokens
Step  1,760 | Loss 2.5598 | LR 3.00e-04 | Tokens/s  212,233 | Total 1.85B tokens
Step  1,780 | Loss 2.6800 | LR 3.00e-04 | Tokens/s  210,447 | Total 1.87B tokens
Step  1,800 | Loss 2.5379 | LR 3.00e-04 | Tokens/s  212,538 | Total 1.89B tokens
Step  1,820 | Loss 2.7351 | LR 3.00e-04 | Tokens/s  212,586 | Total 1.91B tokens
Step  1,840 | Loss 2.7662 | LR 3.00e-04 | Tokens/s  211,538 | Total 1.93B tokens
Step  1,860 | Loss 2.5196 | LR 3.00e-04 | Tokens/s  212,427 | Total 1.95B tokens
Step  1,880 | Loss 2.6552 | LR 3.00e-04 | Tokens/s  212,599 | Total 1.97B tokens
Step  1,900 | Loss 2.5301 | LR 3.00e-04 | Tokens/s  212,589 | Total 1.99B tokens
Step  1,920 | Loss 2.5745 | LR 3.00e-04 | Tokens/s  212,681 | Total 2.01B tokens
Step  1,940 | Loss 2.5678 | LR 3.00e-04 | Tokens/s  211,237 | Total 2.03B tokens
Step  1,960 | Loss 2.4691 | LR 3.00e-04 | Tokens/s  212,058 | Total 2.06B tokens
Step  1,980 | Loss 2.6079 | LR 3.00e-04 | Tokens/s  212,609 | Total 2.08B tokens
Step  2,000 | Loss 2.6152 | LR 3.00e-04 | Tokens/s  212,145 | Total 2.10B tokens
/home/ubuntu/picotalk/train/train.py:281: FutureWarning: `torch.cuda.amp.autocast(args...)` is deprecated. Please use `torch.amp.autocast('cuda', args...)` instead.
  with autocast(enabled=self.use_amp, dtype=self.dtype):
  Validation: Loss 2.5758 | PPL 13.14
/home/ubuntu/picotalk/train/train.py:307: FutureWarning: `torch.cuda.amp.autocast(args...)` is deprecated. Please use `torch.amp.autocast('cuda', args...)` instead.
  with autocast(enabled=self.use_amp, dtype=self.dtype):
  --- samples @ step 2,000 ---
    'Once upon a time' ->  there lived a great empire known as the United States. This empire consisted of many different countries and their citizens.\n\n\n\n\n\n\n\n\n\n\n\n\n\n\n\n\n\
    'The meaning of life is' ->  to be able to cope with hardship and hardship. If you are a girl, you may be able to face the hardship of a person in a new and different way. This is the main
    'In Python, you can' ->  find all of the commands in Python:\n\n* `numpy`: A Python object used to perform mathematical operations on arrays.\n* `np.array`: A numpy-array containing th
    'The theory of relativity states that' ->  the motion of an object is equal to its movement on the surface of an object.\n\n\n\n\n  • "The theory of relativity states that the motion of an object is equ
    'def fibonacci(n):' -> \n        t.append(n)\n        return t\n\n    for i in range(n):\n        t.append(-1)\n        return t*i\n\nclass SimpleFunction(Function):\n    def __init__
  New best model saved (val_loss=2.5758)
  Checkpoint saved: step_2000.pt
Step  2,020 | Loss 2.5666 | LR 3.00e-04 | Tokens/s  146,278 | Total 2.12B tokens
Step  2,040 | Loss 2.5494 | LR 3.00e-04 | Tokens/s  212,782 | Total 2.14B tokens
Step  2,060 | Loss 2.5398 | LR 3.00e-04 | Tokens/s  212,636 | Total 2.16B tokens
Step  2,080 | Loss 2.6083 | LR 3.00e-04 | Tokens/s  212,797 | Total 2.18B tokens
Step  2,100 | Loss 2.5154 | LR 3.00e-04 | Tokens/s  210,696 | Total 2.20B tokens
Step  2,120 | Loss 2.5145 | LR 3.00e-04 | Tokens/s  211,210 | Total 2.22B tokens
Step  2,140 | Loss 2.6266 | LR 3.00e-04 | Tokens/s  212,557 | Total 2.24B tokens
Step  2,160 | Loss 2.5377 | LR 3.00e-04 | Tokens/s  212,337 | Total 2.26B tokens
Step  2,180 | Loss 2.5919 | LR 3.00e-04 | Tokens/s  211,486 | Total 2.29B tokens
Step  2,200 | Loss 2.6618 | LR 3.00e-04 | Tokens/s  212,694 | Total 2.31B tokens
Step  2,220 | Loss 2.6639 | LR 2.99e-04 | Tokens/s  212,865 | Total 2.33B tokens
Step  2,240 | Loss 2.5162 | LR 2.99e-04 | Tokens/s  212,215 | Total 2.35B tokens
Step  2,260 | Loss 2.5200 | LR 2.99e-04 | Tokens/s  212,918 | Total 2.37B tokens
Step  2,280 | Loss 2.5412 | LR 2.99e-04 | Tokens/s  212,361 | Total 2.39B tokens
Step  2,300 | Loss 2.4114 | LR 2.99e-04 | Tokens/s  212,579 | Total 2.41B tokens
Step  2,320 | Loss 2.6144 | LR 2.99e-04 | Tokens/s  212,319 | Total 2.43B tokens
Step  2,340 | Loss 2.4167 | LR 2.99e-04 | Tokens/s  212,032 | Total 2.45B tokens
Step  2,360 | Loss 2.5551 | LR 2.99e-04 | Tokens/s  211,901 | Total 2.47B tokens
Step  2,380 | Loss 2.5788 | LR 2.99e-04 | Tokens/s  212,641 | Total 2.50B tokens
Step  2,400 | Loss 2.5516 | LR 2.99e-04 | Tokens/s  212,185 | Total 2.52B tokens
Step  2,420 | Loss 2.3785 | LR 2.99e-04 | Tokens/s  212,786 | Total 2.54B tokens
Step  2,440 | Loss 2.5204 | LR 2.99e-04 | Tokens/s  212,715 | Total 2.56B tokens
Step  2,460 | Loss 2.4641 | LR 2.99e-04 | Tokens/s  211,336 | Total 2.58B tokens
Step  2,480 | Loss 2.4807 | LR 2.99e-04 | Tokens/s  212,161 | Total 2.60B tokens
Step  2,500 | Loss 2.5635 | LR 2.99e-04 | Tokens/s  212,726 | Total 2.62B tokens
Step  2,520 | Loss 2.4447 | LR 2.99e-04 | Tokens/s  211,312 | Total 2.64B tokens
Step  2,540 | Loss 2.5016 | LR 2.99e-04 | Tokens/s  212,776 | Total 2.66B tokens
Step  2,560 | Loss 2.3900 | LR 2.99e-04 | Tokens/s  212,397 | Total 2.68B tokens
Step  2,580 | Loss 2.4544 | LR 2.99e-04 | Tokens/s  213,001 | Total 2.71B tokens
Step  2,600 | Loss 2.4416 | LR 2.99e-04 | Tokens/s  212,946 | Total 2.73B tokens
Step  2,620 | Loss 2.4984 | LR 2.99e-04 | Tokens/s  212,531 | Total 2.75B tokens
Step  2,640 | Loss 2.4791 | LR 2.99e-04 | Tokens/s  211,285 | Total 2.77B tokens
Step  2,660 | Loss 2.3992 | LR 2.99e-04 | Tokens/s  212,380 | Total 2.79B tokens
Step  2,680 | Loss 2.4212 | LR 2.99e-04 | Tokens/s  212,893 | Total 2.81B tokens
Step  2,700 | Loss 2.4459 | LR 2.99e-04 | Tokens/s  211,481 | Total 2.83B tokens
Step  2,720 | Loss 2.4024 | LR 2.99e-04 | Tokens/s  212,698 | Total 2.85B tokens
Step  2,740 | Loss 2.2910 | LR 2.99e-04 | Tokens/s  212,730 | Total 2.87B tokens
Step  2,760 | Loss 2.5041 | LR 2.99e-04 | Tokens/s  212,679 | Total 2.89B tokens
Step  2,780 | Loss 2.3197 | LR 2.99e-04 | Tokens/s  212,340 | Total 2.92B tokens
Step  2,800 | Loss 2.4494 | LR 2.99e-04 | Tokens/s  211,790 | Total 2.94B tokens
Step  2,820 | Loss 2.3313 | LR 2.99e-04 | Tokens/s  212,670 | Total 2.96B tokens
Step  2,840 | Loss 2.3441 | LR 2.99e-04 | Tokens/s  212,765 | Total 2.98B tokens
Step  2,860 | Loss 2.4838 | LR 2.99e-04 | Tokens/s  211,632 | Total 3.00B tokens
Step  2,880 | Loss 2.5069 | LR 2.99e-04 | Tokens/s  212,898 | Total 3.02B tokens
Step  2,900 | Loss 2.3331 | LR 2.99e-04 | Tokens/s  212,830 | Total 3.04B tokens
Step  2,920 | Loss 2.4811 | LR 2.99e-04 | Tokens/s  211,955 | Total 3.06B tokens
Step  2,940 | Loss 2.3039 | LR 2.99e-04 | Tokens/s  213,288 | Total 3.08B tokens
Step  2,960 | Loss 2.3815 | LR 2.99e-04 | Tokens/s  213,106 | Total 3.10B tokens
Step  2,980 | Loss 2.4268 | LR 2.99e-04 | Tokens/s  212,498 | Total 3.12B tokens
Step  3,000 | Loss 2.3990 | LR 2.99e-04 | Tokens/s  212,114 | Total 3.15B tokens
  Validation: Loss 2.3943 | PPL 10.96
  --- samples @ step 3,000 ---
    'Once upon a time' ->  in a beautiful forest was covered in red, ash, and yellow. It had a white roof and a white roof that had been painted black with white paint.\n\nAround the edg
    'The meaning of life is' ->  to understand the meaning of life.\n\nIn order to take advantage of the meaning of life and gain a new perspective on life, you need to understand the meaning 
    'In Python, you can' ->  define a list of tuples, and also a function to get the first element of each tuple and return the first element of that tuple.\n\n\n\nThe following test illus
    'The theory of relativity states that' ->  objects come in a constant direction in time.\n\n    For instance, gravity is relativity in the sense of a generalised Newtonian physics (it is the universal l
    'def fibonacci(n):' -> \n    def fibonacci(n):\n        if n == -1:\n            return True\n        return False\n    def fibonacci(n):\n        if n == 0:\n            raise ValueE
  New best model saved (val_loss=2.3943)
  Checkpoint saved: step_3000.pt
Step  3,020 | Loss 2.4365 | LR 2.99e-04 | Tokens/s  154,108 | Total 3.17B tokens
Step  3,040 | Loss 2.4118 | LR 2.99e-04 | Tokens/s  212,300 | Total 3.19B tokens
Step  3,060 | Loss 2.4002 | LR 2.99e-04 | Tokens/s  213,322 | Total 3.21B tokens
Step  3,080 | Loss 2.3642 | LR 2.99e-04 | Tokens/s  213,203 | Total 3.23B tokens
Step  3,100 | Loss 2.4368 | LR 2.98e-04 | Tokens/s  213,419 | Total 3.25B tokens
Step  3,120 | Loss 2.4187 | LR 2.98e-04 | Tokens/s  213,320 | Total 3.27B tokens
Step  3,140 | Loss 2.5100 | LR 2.98e-04 | Tokens/s  212,412 | Total 3.29B tokens
Step  3,160 | Loss 2.3794 | LR 2.98e-04 | Tokens/s  212,434 | Total 3.31B tokens
Step  3,180 | Loss 2.2838 | LR 2.98e-04 | Tokens/s  213,331 | Total 3.33B tokens
Step  3,200 | Loss 2.2383 | LR 2.98e-04 | Tokens/s  212,793 | Total 3.36B tokens
Step  3,220 | Loss 2.3112 | LR 2.98e-04 | Tokens/s  212,213 | Total 3.38B tokens
Step  3,240 | Loss 2.5213 | LR 2.98e-04 | Tokens/s  213,078 | Total 3.40B tokens
Step  3,260 | Loss 2.3140 | LR 2.98e-04 | Tokens/s  213,294 | Total 3.42B tokens
Step  3,280 | Loss 2.4582 | LR 2.98e-04 | Tokens/s  213,383 | Total 3.44B tokens
Step  3,300 | Loss 2.4020 | LR 2.98e-04 | Tokens/s  213,154 | Total 3.46B tokens
Step  3,320 | Loss 2.4642 | LR 2.98e-04 | Tokens/s  212,197 | Total 3.48B tokens
Step  3,340 | Loss 2.4508 | LR 2.98e-04 | Tokens/s  213,198 | Total 3.50B tokens
Step  3,360 | Loss 2.2969 | LR 2.98e-04 | Tokens/s  213,208 | Total 3.52B tokens
Step  3,380 | Loss 2.4369 | LR 2.98e-04 | Tokens/s  211,387 | Total 3.54B tokens
Step  3,400 | Loss 2.4123 | LR 2.98e-04 | Tokens/s  213,317 | Total 3.57B tokens
Step  3,420 | Loss 2.4073 | LR 2.98e-04 | Tokens/s  213,228 | Total 3.59B tokens
Step  3,440 | Loss 2.3193 | LR 2.98e-04 | Tokens/s  213,246 | Total 3.61B tokens
Step  3,460 | Loss 2.4289 | LR 2.98e-04 | Tokens/s  212,630 | Total 3.63B tokens
Step  3,480 | Loss 2.4226 | LR 2.98e-04 | Tokens/s  212,586 | Total 3.65B tokens
Step  3,500 | Loss 2.2666 | LR 2.98e-04 | Tokens/s  212,896 | Total 3.67B tokens
Step  3,520 | Loss 2.4081 | LR 2.98e-04 | Tokens/s  213,345 | Total 3.69B tokens
Step  3,540 | Loss 2.3780 | LR 2.98e-04 | Tokens/s  212,509 | Total 3.71B tokens
Step  3,560 | Loss 2.2517 | LR 2.98e-04 | Tokens/s  212,678 | Total 3.73B tokens
Step  3,580 | Loss 2.3826 | LR 2.98e-04 | Tokens/s  213,509 | Total 3.75B tokens
Step  3,600 | Loss 2.3189 | LR 2.98e-04 | Tokens/s  211,935 | Total 3.77B tokens
Step  3,620 | Loss 2.3788 | LR 2.98e-04 | Tokens/s  213,199 | Total 3.80B tokens
Step  3,640 | Loss 2.4070 | LR 2.98e-04 | Tokens/s  213,308 | Total 3.82B tokens
Step  3,660 | Loss 2.4095 | LR 2.98e-04 | Tokens/s  212,191 | Total 3.84B tokens
Step  3,680 | Loss 2.3535 | LR 2.98e-04 | Tokens/s  212,699 | Total 3.86B tokens
Step  3,700 | Loss 2.2928 | LR 2.98e-04 | Tokens/s  213,657 | Total 3.88B tokens
Step  3,720 | Loss 2.2981 | LR 2.97e-04 | Tokens/s  212,511 | Total 3.90B tokens
Step  3,740 | Loss 2.3165 | LR 2.97e-04 | Tokens/s  212,559 | Total 3.92B tokens
Step  3,760 | Loss 2.3540 | LR 2.97e-04 | Tokens/s  213,278 | Total 3.94B tokens
Step  3,780 | Loss 2.3734 | LR 2.97e-04 | Tokens/s  213,323 | Total 3.96B tokens
Step  3,800 | Loss 2.3597 | LR 2.97e-04 | Tokens/s  213,353 | Total 3.98B tokens
Step  3,820 | Loss 2.2000 | LR 2.97e-04 | Tokens/s  212,611 | Total 4.01B tokens
Step  3,840 | Loss 2.2388 | LR 2.97e-04 | Tokens/s  212,045 | Total 4.03B tokens
Step  3,860 | Loss 2.3015 | LR 2.97e-04 | Tokens/s  213,264 | Total 4.05B tokens
Step  3,880 | Loss 2.3801 | LR 2.97e-04 | Tokens/s  212,531 | Total 4.07B tokens
Step  3,900 | Loss 2.4096 | LR 2.97e-04 | Tokens/s  212,937 | Total 4.09B tokens
Step  3,920 | Loss 2.3525 | LR 2.97e-04 | Tokens/s  212,307 | Total 4.11B tokens
Step  3,940 | Loss 2.4297 | LR 2.97e-04 | Tokens/s  213,233 | Total 4.13B tokens
Step  3,960 | Loss 2.3584 | LR 2.97e-04 | Tokens/s  213,105 | Total 4.15B tokens
Step  3,980 | Loss 2.3241 | LR 2.97e-04 | Tokens/s  213,254 | Total 4.17B tokens
Step  4,000 | Loss 2.4791 | LR 2.97e-04 | Tokens/s  212,263 | Total 4.19B tokens
  Validation: Loss 2.2642 | PPL 9.62
  --- samples @ step 4,000 ---
    'Once upon a time' ->  in the United Kingdom, there was a young man named Zak who had no dreams.\n\nAs he worked in his office and was very busy doing research on the history of the 
    'The meaning of life is' ->  to define the experience of life as a "good life".\n\n\nTo go on-line, you can click this link \n\n\n\n\nWhat is the meaning of life?\n\n\n\nWhat's the meaning
    'In Python, you can' ->  obtain the first $n$ n-grams of your text file using the following syntax:  python read_text.py > source.txt file.txt  • The first n-grams are stored in the da
    'The theory of relativity states that' ->  the speed of light is c = 3.40997×10−24 (2.1)m/s, where m is the mass of the electron.\n\n### 8.2 Light\n\nThe theory of relativity describes the behavior of l
    'def fibonacci(n):' ->  if n <= 0: return 0\n        if n == 1:\n            return 1\n        return fibonacci(1) // n\n    if n % 2 == 0:\n        return fibonacci(1) % n\n    retur
  New best model saved (val_loss=2.2642)
  Checkpoint saved: step_4000.pt
Step  4,020 | Loss 2.3619 | LR 2.97e-04 | Tokens/s  154,886 | Total 4.22B tokens
Step  4,040 | Loss 2.3419 | LR 2.97e-04 | Tokens/s  212,665 | Total 4.24B tokens
Step  4,060 | Loss 2.4501 | LR 2.97e-04 | Tokens/s  212,086 | Total 4.26B tokens
Step  4,080 | Loss 2.2985 | LR 2.97e-04 | Tokens/s  213,445 | Total 4.28B tokens
Step  4,100 | Loss 2.2389 | LR 2.97e-04 | Tokens/s  213,520 | Total 4.30B tokens
Step  4,120 | Loss 2.2466 | LR 2.97e-04 | Tokens/s  213,550 | Total 4.32B tokens
Step  4,140 | Loss 2.3087 | LR 2.97e-04 | Tokens/s  213,720 | Total 4.34B tokens
Step  4,160 | Loss 2.2299 | LR 2.97e-04 | Tokens/s  213,981 | Total 4.36B tokens
Step  4,180 | Loss 2.4093 | LR 2.97e-04 | Tokens/s  212,231 | Total 4.38B tokens
Step  4,200 | Loss 2.2254 | LR 2.96e-04 | Tokens/s  213,664 | Total 4.40B tokens
Step  4,220 | Loss 2.2844 | LR 2.96e-04 | Tokens/s  214,008 | Total 4.42B tokens
Step  4,240 | Loss 2.2833 | LR 2.96e-04 | Tokens/s  212,806 | Total 4.45B tokens
Step  4,260 | Loss 2.1984 | LR 2.96e-04 | Tokens/s  212,889 | Total 4.47B tokens
Step  4,280 | Loss 2.2665 | LR 2.96e-04 | Tokens/s  213,852 | Total 4.49B tokens
Step  4,300 | Loss 2.2644 | LR 2.96e-04 | Tokens/s  213,817 | Total 4.51B tokens
Step  4,320 | Loss 2.3407 | LR 2.96e-04 | Tokens/s  213,810 | Total 4.53B tokens
Step  4,340 | Loss 2.2447 | LR 2.96e-04 | Tokens/s  213,385 | Total 4.55B tokens
Step  4,360 | Loss 2.3608 | LR 2.96e-04 | Tokens/s  213,039 | Total 4.57B tokens
Step  4,380 | Loss 2.3160 | LR 2.96e-04 | Tokens/s  213,950 | Total 4.59B tokens
Step  4,400 | Loss 2.3787 | LR 2.96e-04 | Tokens/s  213,467 | Total 4.61B tokens
Step  4,420 | Loss 2.4055 | LR 2.96e-04 | Tokens/s  212,386 | Total 4.63B tokens
Step  4,440 | Loss 2.3079 | LR 2.96e-04 | Tokens/s  214,054 | Total 4.66B tokens
Step  4,460 | Loss 2.2712 | LR 2.96e-04 | Tokens/s  213,631 | Total 4.68B tokens
Step  4,480 | Loss 2.2445 | LR 2.96e-04 | Tokens/s  213,870 | Total 4.70B tokens
Step  4,500 | Loss 2.2092 | LR 2.96e-04 | Tokens/s  212,821 | Total 4.72B tokens
Step  4,520 | Loss 2.2246 | LR 2.96e-04 | Tokens/s  213,296 | Total 4.74B tokens
Step  4,540 | Loss 2.3757 | LR 2.96e-04 | Tokens/s  213,716 | Total 4.76B tokens
Step  4,560 | Loss 2.2297 | LR 2.96e-04 | Tokens/s  213,696 | Total 4.78B tokens
Step  4,580 | Loss 2.3462 | LR 2.96e-04 | Tokens/s  212,469 | Total 4.80B tokens
Step  4,600 | Loss 2.3424 | LR 2.96e-04 | Tokens/s  213,684 | Total 4.82B tokens
Step  4,620 | Loss 2.2204 | LR 2.96e-04 | Tokens/s  213,519 | Total 4.84B tokens
Step  4,640 | Loss 2.2103 | LR 2.95e-04 | Tokens/s  213,160 | Total 4.87B tokens
Step  4,660 | Loss 2.4229 | LR 2.95e-04 | Tokens/s  213,825 | Total 4.89B tokens
Step  4,680 | Loss 2.2520 | LR 2.95e-04 | Tokens/s  213,698 | Total 4.91B tokens
Step  4,700 | Loss 2.3462 | LR 2.95e-04 | Tokens/s  213,491 | Total 4.93B tokens
Step  4,720 | Loss 2.2965 | LR 2.95e-04 | Tokens/s  213,509 | Total 4.95B tokens
Step  4,740 | Loss 2.3002 | LR 2.95e-04 | Tokens/s  213,501 | Total 4.97B tokens
Step  4,760 | Loss 2.2229 | LR 2.95e-04 | Tokens/s  212,961 | Total 4.99B tokens
Step  4,780 | Loss 2.0722 | LR 2.95e-04 | Tokens/s  213,851 | Total 5.01B tokens
Step  4,800 | Loss 2.2998 | LR 2.95e-04 | Tokens/s  213,236 | Total 5.03B tokens
Step  4,820 | Loss 2.3432 | LR 2.95e-04 | Tokens/s  214,012 | Total 5.05B tokens
Step  4,840 | Loss 2.2777 | LR 2.95e-04 | Tokens/s  214,038 | Total 5.08B tokens
Step  4,860 | Loss 2.1612 | LR 2.95e-04 | Tokens/s  213,173 | Total 5.10B tokens
Step  4,880 | Loss 2.2233 | LR 2.95e-04 | Tokens/s  214,059 | Total 5.12B tokens
Step  4,900 | Loss 2.2697 | LR 2.95e-04 | Tokens/s  214,203 | Total 5.14B tokens
Step  4,920 | Loss 2.2477 | LR 2.95e-04 | Tokens/s  213,042 | Total 5.16B tokens
Step  4,940 | Loss 2.2127 | LR 2.95e-04 | Tokens/s  213,162 | Total 5.18B tokens
Step  4,960 | Loss 2.3805 | LR 2.95e-04 | Tokens/s  214,128 | Total 5.20B tokens
Step  4,980 | Loss 2.1292 | LR 2.95e-04 | Tokens/s  214,003 | Total 5.22B tokens
Step  5,000 | Loss 2.1105 | LR 2.95e-04 | Tokens/s  214,016 | Total 5.24B tokens
  Validation: Loss 2.2665 | PPL 9.65
  --- samples @ step 5,000 ---
    'Once upon a time' -> , there was a big, beautiful nation called The United States of America. We spoke a language known as English, which was spoken by many people living in America
    'The meaning of life is' ->  a subjective one, because there is no objective reality. While the life of a human being is ultimately determined by a set of predetermined circumstances, it i
    'In Python, you can' ->  use the `pypy` library to create a pypy expression that can be executed using simple commands. You can also use PyPy's built-in functions to create complex exp
    'The theory of relativity states that' ->  the mass is relative to rest, which is like the speed of light. The total energy is proportional to the square of the distance between the two masses. The mass
    'def fibonacci(n):' ->  num = 0\n# 													for i in range(1,n):\n# 													if i % 2 == 0:\n# 							
  Checkpoint saved: step_5000.pt
Step  5,020 | Loss 2.1629 | LR 2.94e-04 | Tokens/s  170,509 | Total 5.26B tokens
Step  5,040 | Loss 2.2504 | LR 2.94e-04 | Tokens/s  213,741 | Total 5.28B tokens
Step  5,060 | Loss 2.2049 | LR 2.94e-04 | Tokens/s  214,261 | Total 5.31B tokens
Step  5,080 | Loss 2.1829 | LR 2.94e-04 | Tokens/s  213,686 | Total 5.33B tokens
Step  5,100 | Loss 2.3972 | LR 2.94e-04 | Tokens/s  212,525 | Total 5.35B tokens
Step  5,120 | Loss 2.1570 | LR 2.94e-04 | Tokens/s  214,265 | Total 5.37B tokens
Step  5,140 | Loss 2.3616 | LR 2.94e-04 | Tokens/s  213,772 | Total 5.39B tokens
Step  5,160 | Loss 2.2392 | LR 2.94e-04 | Tokens/s  214,041 | Total 5.41B tokens
Step  5,180 | Loss 2.2214 | LR 2.94e-04 | Tokens/s  213,346 | Total 5.43B tokens
Step  5,200 | Loss 2.3661 | LR 2.94e-04 | Tokens/s  213,099 | Total 5.45B tokens
Step  5,220 | Loss 2.2406 | LR 2.94e-04 | Tokens/s  214,305 | Total 5.47B tokens
Step  5,240 | Loss 2.2840 | LR 2.94e-04 | Tokens/s  214,155 | Total 5.49B tokens
Step  5,260 | Loss 2.2022 | LR 2.94e-04 | Tokens/s  213,135 | Total 5.52B tokens
Step  5,280 | Loss 2.1331 | LR 2.94e-04 | Tokens/s  214,110 | Total 5.54B tokens
Step  5,300 | Loss 2.1860 | LR 2.94e-04 | Tokens/s  214,223 | Total 5.56B tokens
Step  5,320 | Loss 2.1626 | LR 2.94e-04 | Tokens/s  213,759 | Total 5.58B tokens
Step  5,340 | Loss 2.3174 | LR 2.94e-04 | Tokens/s  214,427 | Total 5.60B tokens
Step  5,360 | Loss 2.2748 | LR 2.94e-04 | Tokens/s  213,838 | Total 5.62B tokens
Step  5,380 | Loss 2.2338 | LR 2.93e-04 | Tokens/s  213,728 | Total 5.64B tokens
Step  5,400 | Loss 2.2277 | LR 2.93e-04 | Tokens/s  213,613 | Total 5.66B tokens
Step  5,420 | Loss 2.2598 | LR 2.93e-04 | Tokens/s  213,797 | Total 5.68B tokens
Step  5,440 | Loss 2.0869 | LR 2.93e-04 | Tokens/s  213,593 | Total 5.70B tokens
Step  5,460 | Loss 2.2180 | LR 2.93e-04 | Tokens/s  214,118 | Total 5.73B tokens
Step  5,480 | Loss 2.3077 | LR 2.93e-04 | Tokens/s  214,002 | Total 5.75B tokens
Step  5,500 | Loss 2.1688 | LR 2.93e-04 | Tokens/s  214,262 | Total 5.77B tokens
Step  5,520 | Loss 2.3149 | LR 2.93e-04 | Tokens/s  214,468 | Total 5.79B tokens
Step  5,540 | Loss 2.3843 | LR 2.93e-04 | Tokens/s  213,567 | Total 5.81B tokens
Step  5,560 | Loss 2.2921 | LR 2.93e-04 | Tokens/s  213,454 | Total 5.83B tokens
Step  5,580 | Loss 2.0303 | LR 2.93e-04 | Tokens/s  214,296 | Total 5.85B tokens
Step  5,600 | Loss 2.1179 | LR 2.93e-04 | Tokens/s  213,889 | Total 5.87B tokens
Step  5,620 | Loss 2.2448 | LR 2.93e-04 | Tokens/s  213,037 | Total 5.89B tokens
Step  5,640 | Loss 2.1345 | LR 2.93e-04 | Tokens/s  214,060 | Total 5.91B tokens
Step  5,660 | Loss 2.1725 | LR 2.93e-04 | Tokens/s  214,435 | Total 5.93B tokens
Step  5,680 | Loss 2.2696 | LR 2.93e-04 | Tokens/s  214,343 | Total 5.96B tokens
Step  5,700 | Loss 2.1035 | LR 2.92e-04 | Tokens/s  214,245 | Total 5.98B tokens
Step  5,720 | Loss 2.2289 | LR 2.92e-04 | Tokens/s  213,360 | Total 6.00B tokens
Step  5,740 | Loss 2.0582 | LR 2.92e-04 | Tokens/s  214,213 | Total 6.02B tokens
Step  5,760 | Loss 2.1225 | LR 2.92e-04 | Tokens/s  214,378 | Total 6.04B tokens
Step  5,780 | Loss 2.2721 | LR 2.92e-04 | Tokens/s  212,781 | Total 6.06B tokens
Step  5,800 | Loss 2.0856 | LR 2.92e-04 | Tokens/s  214,355 | Total 6.08B tokens
Step  5,820 | Loss 2.2979 | LR 2.92e-04 | Tokens/s  214,220 | Total 6.10B tokens
Step  5,840 | Loss 2.2119 | LR 2.92e-04 | Tokens/s  214,470 | Total 6.12B tokens
Step  5,860 | Loss 2.2000 | LR 2.92e-04 | Tokens/s  213,767 | Total 6.14B tokens
Step  5,880 | Loss 2.2654 | LR 2.92e-04 | Tokens/s  214,109 | Total 6.17B tokens
Step  5,900 | Loss 2.2075 | LR 2.92e-04 | Tokens/s  213,891 | Total 6.19B tokens
Step  5,920 | Loss 2.2521 | LR 2.92e-04 | Tokens/s  214,463 | Total 6.21B tokens
Step  5,940 | Loss 2.2774 | LR 2.92e-04 | Tokens/s  213,929 | Total 6.23B tokens
Step  5,960 | Loss 2.1682 | LR 2.92e-04 | Tokens/s  214,002 | Total 6.25B tokens
Step  5,980 | Loss 2.2805 | LR 2.92e-04 | Tokens/s  214,478 | Total 6.27B tokens
Step  6,000 | Loss 2.1704 | LR 2.91e-04 | Tokens/s  213,842 | Total 6.29B tokens
  Validation: Loss 2.1856 | PPL 8.90
  --- samples @ step 6,000 ---
    'Once upon a time' -> , the world was divided into two kingdoms, the North and the South.  After the collapse of the United States, the United States was divided into twelve free sta
    'The meaning of life is' ->  to live in a perfect state of mind. So your brain is going to be in a perfect state of mind for life to occur without the need of a thought or purpose.\n\nOne 
    'In Python, you can' ->  include the '==' operator in your function to help keep your code tidy.\n    '''\n    return {\n        '==': lambda x: x.equals(x.lt(1)),\n        '>': lambda
    'The theory of relativity states that' ->  objects have mass and measure their distance between them. However, the notion of a higher-dimensional space is still not fundamental.The Theory of Relativity 
    'def fibonacci(n):' -> \n        """\n        Fibonacci(n):\n            Fibonacci(n):\n                1, 2, 1, 3, 5, 8, 13, 21, 34, 55, 89, ...\n        """
  New best model saved (val_loss=2.1856)
  Checkpoint saved: step_6000.pt
Step  6,020 | Loss 2.1717 | LR 2.91e-04 | Tokens/s  157,100 | Total 6.31B tokens
Step  6,040 | Loss 2.2442 | LR 2.91e-04 | Tokens/s  214,424 | Total 6.33B tokens
Step  6,060 | Loss 2.3549 | LR 2.91e-04 | Tokens/s  213,503 | Total 6.35B tokens
Step  6,080 | Loss 2.1589 | LR 2.91e-04 | Tokens/s  213,955 | Total 6.38B tokens
Step  6,100 | Loss 2.3040 | LR 2.91e-04 | Tokens/s  214,676 | Total 6.40B tokens
Step  6,120 | Loss 2.2420 | LR 2.91e-04 | Tokens/s  213,518 | Total 6.42B tokens
Step  6,140 | Loss 2.1498 | LR 2.91e-04 | Tokens/s  214,433 | Total 6.44B tokens
Step  6,160 | Loss 2.2841 | LR 2.91e-04 | Tokens/s  214,389 | Total 6.46B tokens
Step  6,180 | Loss 2.1954 | LR 2.91e-04 | Tokens/s  214,397 | Total 6.48B tokens
Step  6,200 | Loss 2.1464 | LR 2.91e-04 | Tokens/s  214,380 | Total 6.50B tokens
Step  6,220 | Loss 2.2165 | LR 2.91e-04 | Tokens/s  213,209 | Total 6.52B tokens
Step  6,240 | Loss 2.2736 | LR 2.91e-04 | Tokens/s  214,082 | Total 6.54B tokens
Step  6,260 | Loss 2.3129 | LR 2.91e-04 | Tokens/s  214,508 | Total 6.56B tokens
Step  6,280 | Loss 2.3524 | LR 2.91e-04 | Tokens/s  214,086 | Total 6.59B tokens
Step  6,300 | Loss 2.2880 | LR 2.90e-04 | Tokens/s  213,065 | Total 6.61B tokens
Step  6,320 | Loss 2.1381 | LR 2.90e-04 | Tokens/s  214,365 | Total 6.63B tokens
Step  6,340 | Loss 2.1415 | LR 2.90e-04 | Tokens/s  214,310 | Total 6.65B tokens
Step  6,360 | Loss 2.3069 | LR 2.90e-04 | Tokens/s  214,524 | Total 6.67B tokens
Step  6,380 | Loss 2.1809 | LR 2.90e-04 | Tokens/s  214,603 | Total 6.69B tokens
Step  6,400 | Loss 2.0551 | LR 2.90e-04 | Tokens/s  213,424 | Total 6.71B tokens
Step  6,420 | Loss 2.2887 | LR 2.90e-04 | Tokens/s  214,266 | Total 6.73B tokens
Step  6,440 | Loss 2.2045 | LR 2.90e-04 | Tokens/s  214,323 | Total 6.75B tokens
Step  6,460 | Loss 2.2515 | LR 2.90e-04 | Tokens/s  212,418 | Total 6.77B tokens
Step  6,480 | Loss 2.2433 | LR 2.90e-04 | Tokens/s  214,040 | Total 6.79B tokens
Step  6,500 | Loss 2.0966 | LR 2.90e-04 | Tokens/s  214,257 | Total 6.82B tokens
Step  6,520 | Loss 2.2279 | LR 2.90e-04 | Tokens/s  213,472 | Total 6.84B tokens
Step  6,540 | Loss 2.2481 | LR 2.90e-04 | Tokens/s  211,641 | Total 6.86B tokens
Step  6,560 | Loss 2.3729 | LR 2.90e-04 | Tokens/s  213,143 | Total 6.88B tokens
Step  6,580 | Loss 2.1480 | LR 2.89e-04 | Tokens/s  213,976 | Total 6.90B tokens
Step  6,600 | Loss 2.1658 | LR 2.89e-04 | Tokens/s  214,559 | Total 6.92B tokens
Step  6,620 | Loss 2.2051 | LR 2.89e-04 | Tokens/s  214,126 | Total 6.94B tokens
Step  6,640 | Loss 2.1094 | LR 2.89e-04 | Tokens/s  213,898 | Total 6.96B tokens
Step  6,660 | Loss 2.3147 | LR 2.89e-04 | Tokens/s  214,353 | Total 6.98B tokens
Step  6,680 | Loss 2.1286 | LR 2.89e-04 | Tokens/s  214,011 | Total 7.00B tokens
Step  6,700 | Loss 2.2618 | LR 2.89e-04 | Tokens/s  214,599 | Total 7.03B tokens
Step  6,720 | Loss 2.2180 | LR 2.89e-04 | Tokens/s  214,509 | Total 7.05B tokens
Step  6,740 | Loss 2.2432 | LR 2.89e-04 | Tokens/s  213,516 | Total 7.07B tokens
Step  6,760 | Loss 2.1723 | LR 2.89e-04 | Tokens/s  213,572 | Total 7.09B tokens
Step  6,780 | Loss 2.2212 | LR 2.89e-04 | Tokens/s  214,210 | Total 7.11B tokens
Step  6,800 | Loss 2.1423 | LR 2.89e-04 | Tokens/s  213,883 | Total 7.13B tokens
Step  6,820 | Loss 2.2794 | LR 2.89e-04 | Tokens/s  214,220 | Total 7.15B tokens
Step  6,840 | Loss 2.2139 | LR 2.88e-04 | Tokens/s  214,164 | Total 7.17B tokens
Step  6,860 | Loss 2.1372 | LR 2.88e-04 | Tokens/s  214,540 | Total 7.19B tokens
Step  6,880 | Loss 2.1427 | LR 2.88e-04 | Tokens/s  214,580 | Total 7.21B tokens
Step  6,900 | Loss 2.1214 | LR 2.88e-04 | Tokens/s  213,474 | Total 7.24B tokens
Step  6,920 | Loss 2.3351 | LR 2.88e-04 | Tokens/s  214,051 | Total 7.26B tokens
Step  6,940 | Loss 2.2475 | LR 2.88e-04 | Tokens/s  214,724 | Total 7.28B tokens
Step  6,960 | Loss 2.2616 | LR 2.88e-04 | Tokens/s  213,908 | Total 7.30B tokens
Step  6,980 | Loss 2.1891 | LR 2.88e-04 | Tokens/s  213,371 | Total 7.32B tokens
Step  7,000 | Loss 2.1167 | LR 2.88e-04 | Tokens/s  214,694 | Total 7.34B tokens
  Validation: Loss 2.1597 | PPL 8.67
  --- samples @ step 7,000 ---
    'Once upon a time' -> , we'll follow our journey to understand different types of stories. We'll start by exploring the world of fairy tales - magical stories featuring talking anima
    'The meaning of life is' ->  the real thing. Let us not only embrace the new life that we have, but also cherish its joys and the bonds that go with it. I don't see why we should just be h
    'In Python, you can' ->  use the following code snippet to create a matrix of features for a given matrix:\n```python\nimport numpy\nimport pandas as pd\nimport numpy.linalg as npl\n\n
    'The theory of relativity states that' ->  our frame of reference distortions the way space and time look. In this context, we refer to the frame of reference as the "spacetime." The theory explains tha
    'def fibonacci(n):' -> \n    #    for i, n in enumerate(n):\n    #        if n == 0:\n    #            return 0\n    #        elif n == 1:\n    #            return -(n*n)\n    #    re
  New best model saved (val_loss=2.1597)
  Checkpoint saved: step_7000.pt
Step  7,020 | Loss 2.1564 | LR 2.88e-04 | Tokens/s  147,710 | Total 7.36B tokens
Step  7,040 | Loss 2.0948 | LR 2.88e-04 | Tokens/s  214,769 | Total 7.38B tokens
Step  7,060 | Loss 2.1846 | LR 2.88e-04 | Tokens/s  214,648 | Total 7.40B tokens
Step  7,080 | Loss 2.1574 | LR 2.87e-04 | Tokens/s  213,266 | Total 7.42B tokens
Step  7,100 | Loss 2.1144 | LR 2.87e-04 | Tokens/s  214,073 | Total 7.44B tokens
Step  7,120 | Loss 2.2285 | LR 2.87e-04 | Tokens/s  214,598 | Total 7.47B tokens
Step  7,140 | Loss 2.1983 | LR 2.87e-04 | Tokens/s  213,946 | Total 7.49B tokens
Step  7,160 | Loss 2.2168 | LR 2.87e-04 | Tokens/s  214,196 | Total 7.51B tokens
Step  7,180 | Loss 2.3002 | LR 2.87e-04 | Tokens/s  214,630 | Total 7.53B tokens
Step  7,200 | Loss 2.2274 | LR 2.87e-04 | Tokens/s  214,657 | Total 7.55B tokens
Step  7,220 | Loss 2.0365 | LR 2.87e-04 | Tokens/s  213,709 | Total 7.57B tokens
Step  7,240 | Loss 2.1916 | LR 2.87e-04 | Tokens/s  214,651 | Total 7.59B tokens
Step  7,260 | Loss 2.1657 | LR 2.87e-04 | Tokens/s  213,561 | Total 7.61B tokens
Step  7,280 | Loss 2.2306 | LR 2.87e-04 | Tokens/s  214,718 | Total 7.63B tokens
Step  7,300 | Loss 2.1688 | LR 2.87e-04 | Tokens/s  214,033 | Total 7.65B tokens
Step  7,320 | Loss 2.2189 | LR 2.86e-04 | Tokens/s  213,397 | Total 7.68B tokens
Step  7,340 | Loss 2.1526 | LR 2.86e-04 | Tokens/s  214,701 | Total 7.70B tokens
Step  7,360 | Loss 2.1196 | LR 2.86e-04 | Tokens/s  214,747 | Total 7.72B tokens
Step  7,380 | Loss 2.2503 | LR 2.86e-04 | Tokens/s  214,678 | Total 7.74B tokens
Step  7,400 | Loss 2.1566 | LR 2.86e-04 | Tokens/s  214,734 | Total 7.76B tokens
Step  7,420 | Loss 2.2028 | LR 2.86e-04 | Tokens/s  213,955 | Total 7.78B tokens
Step  7,440 | Loss 2.1532 | LR 2.86e-04 | Tokens/s  214,321 | Total 7.80B tokens
Step  7,460 | Loss 2.1186 | LR 2.86e-04 | Tokens/s  214,221 | Total 7.82B tokens
Step  7,480 | Loss 2.1925 | LR 2.86e-04 | Tokens/s  213,861 | Total 7.84B tokens
Step  7,500 | Loss 2.0852 | LR 2.86e-04 | Tokens/s  214,285 | Total 7.86B tokens
Step  7,520 | Loss 2.1808 | LR 2.86e-04 | Tokens/s  214,469 | Total 7.89B tokens
Step  7,540 | Loss 2.2832 | LR 2.86e-04 | Tokens/s  213,457 | Total 7.91B tokens
Step  7,560 | Loss 2.1666 | LR 2.85e-04 | Tokens/s  214,594 | Total 7.93B tokens
Step  7,580 | Loss 2.1867 | LR 2.85e-04 | Tokens/s  214,789 | Total 7.95B tokens
Step  7,600 | Loss 2.2898 | LR 2.85e-04 | Tokens/s  213,721 | Total 7.97B tokens
Step  7,620 | Loss 2.0817 | LR 2.85e-04 | Tokens/s  214,409 | Total 7.99B tokens
Step  7,640 | Loss 2.2289 | LR 2.85e-04 | Tokens/s  214,800 | Total 8.01B tokens
Step  7,660 | Loss 2.2705 | LR 2.85e-04 | Tokens/s  213,209 | Total 8.03B tokens
Step  7,680 | Loss 2.2450 | LR 2.85e-04 | Tokens/s  214,107 | Total 8.05B tokens
Step  7,700 | Loss 2.1546 | LR 2.85e-04 | Tokens/s  214,652 | Total 8.07B tokens
Step  7,720 | Loss 2.1503 | LR 2.85e-04 | Tokens/s  214,741 | Total 8.10B tokens
Step  7,740 | Loss 2.0904 | LR 2.85e-04 | Tokens/s  214,541 | Total 8.12B tokens
Step  7,760 | Loss 2.0870 | LR 2.85e-04 | Tokens/s  213,256 | Total 8.14B tokens
Step  7,780 | Loss 2.1747 | LR 2.84e-04 | Tokens/s  213,947 | Total 8.16B tokens
Step  7,800 | Loss 2.1254 | LR 2.84e-04 | Tokens/s  214,300 | Total 8.18B tokens
Step  7,820 | Loss 2.1030 | LR 2.84e-04 | Tokens/s  214,096 | Total 8.20B tokens
Step  7,840 | Loss 2.0894 | LR 2.84e-04 | Tokens/s  214,120 | Total 8.22B tokens
Step  7,860 | Loss 2.1247 | LR 2.84e-04 | Tokens/s  214,476 | Total 8.24B tokens
Step  7,880 | Loss 2.1485 | LR 2.84e-04 | Tokens/s  214,221 | Total 8.26B tokens
Step  7,900 | Loss 2.0509 | LR 2.84e-04 | Tokens/s  213,966 | Total 8.28B tokens
Step  7,920 | Loss 2.1684 | LR 2.84e-04 | Tokens/s  214,356 | Total 8.30B tokens
Step  7,940 | Loss 2.1720 | LR 2.84e-04 | Tokens/s  214,112 | Total 8.33B tokens
Step  7,960 | Loss 2.2462 | LR 2.84e-04 | Tokens/s  214,155 | Total 8.35B tokens
Step  7,980 | Loss 2.0036 | LR 2.84e-04 | Tokens/s  213,524 | Total 8.37B tokens
Step  8,000 | Loss 2.1880 | LR 2.83e-04 | Tokens/s  213,971 | Total 8.39B tokens
  Validation: Loss 2.1138 | PPL 8.28
  --- samples @ step 8,000 ---
    'Once upon a time' -> , there were two best friends named Timmy and Sally. They loved playing together and exploring new things. One day, they decided to make a special playlist for 
    'The meaning of life is' ->  derived from the soul and it is in our souls that we are born, we are die, and we are born again.\n\nThe soul is at the root of all experience. What we call co
    'In Python, you can' ->  use the `enumerate()` function to get the elements of a list. If the sequence is not in the `range()` function, you can use the `range()` function to get the i
    'The theory of relativity states that' ->  every particle in the universe is an accelerated observer of a higher-dimensional coordinate system. It states that when a physical system is moving relative t
    'def fibonacci(n):' ->  return max_num_of_fibonacci(n+1) def fibonacci_isort(n): return x if n-1 >= 2 else fibonacci(n-1) def fibonacci_isort_fib(n, k): return x if n-
  New best model saved (val_loss=2.1138)
  Checkpoint saved: step_8000.pt
Step  8,020 | Loss 2.1686 | LR 2.83e-04 | Tokens/s  148,039 | Total 8.41B tokens
Step  8,040 | Loss 2.1494 | LR 2.83e-04 | Tokens/s  214,793 | Total 8.43B tokens
Step  8,060 | Loss 2.2255 | LR 2.83e-04 | Tokens/s  214,509 | Total 8.45B tokens
Step  8,080 | Loss 2.2215 | LR 2.83e-04 | Tokens/s  213,669 | Total 8.47B tokens
Step  8,100 | Loss 2.0956 | LR 2.83e-04 | Tokens/s  213,915 | Total 8.49B tokens
Step  8,120 | Loss 2.2737 | LR 2.83e-04 | Tokens/s  214,151 | Total 8.51B tokens
Step  8,140 | Loss 2.1408 | LR 2.83e-04 | Tokens/s  214,536 | Total 8.54B tokens
Step  8,160 | Loss 2.1533 | LR 2.83e-04 | Tokens/s  213,880 | Total 8.56B tokens
Step  8,180 | Loss 2.2281 | LR 2.83e-04 | Tokens/s  213,806 | Total 8.58B tokens
Step  8,200 | Loss 2.2331 | LR 2.83e-04 | Tokens/s  214,781 | Total 8.60B tokens
Step  8,220 | Loss 2.0792 | LR 2.82e-04 | Tokens/s  214,214 | Total 8.62B tokens
Step  8,240 | Loss 2.1250 | LR 2.82e-04 | Tokens/s  214,786 | Total 8.64B tokens
Step  8,260 | Loss 2.2152 | LR 2.82e-04 | Tokens/s  214,747 | Total 8.66B tokens
Step  8,280 | Loss 2.0906 | LR 2.82e-04 | Tokens/s  213,764 | Total 8.68B tokens
Step  8,300 | Loss 2.1226 | LR 2.82e-04 | Tokens/s  213,164 | Total 8.70B tokens
Step  8,320 | Loss 2.1496 | LR 2.82e-04 | Tokens/s  214,772 | Total 8.72B tokens
Step  8,340 | Loss 2.2475 | LR 2.82e-04 | Tokens/s  213,984 | Total 8.75B tokens
Step  8,360 | Loss 2.1938 | LR 2.82e-04 | Tokens/s  214,112 | Total 8.77B tokens
Step  8,380 | Loss 2.1486 | LR 2.82e-04 | Tokens/s  214,766 | Total 8.79B tokens
Step  8,400 | Loss 2.0956 | LR 2.82e-04 | Tokens/s  214,104 | Total 8.81B tokens
Step  8,420 | Loss 2.2337 | LR 2.81e-04 | Tokens/s  214,725 | Total 8.83B tokens
Step  8,440 | Loss 2.1972 | LR 2.81e-04 | Tokens/s  214,239 | Total 8.85B tokens
Step  8,460 | Loss 2.0885 | LR 2.81e-04 | Tokens/s  213,783 | Total 8.87B tokens
Step  8,480 | Loss 2.1499 | LR 2.81e-04 | Tokens/s  214,726 | Total 8.89B tokens
Step  8,500 | Loss 2.1813 | LR 2.81e-04 | Tokens/s  213,905 | Total 8.91B tokens
Step  8,520 | Loss 2.1375 | LR 2.81e-04 | Tokens/s  213,999 | Total 8.93B tokens
Step  8,540 | Loss 2.1007 | LR 2.81e-04 | Tokens/s  214,354 | Total 8.95B tokens
Step  8,560 | Loss 2.1711 | LR 2.81e-04 | Tokens/s  214,862 | Total 8.98B tokens
Step  8,580 | Loss 2.1664 | LR 2.81e-04 | Tokens/s  214,840 | Total 9.00B tokens
Step  8,600 | Loss 2.2332 | LR 2.81e-04 | Tokens/s  214,861 | Total 9.02B tokens
Step  8,620 | Loss 2.1704 | LR 2.81e-04 | Tokens/s  214,240 | Total 9.04B tokens
Step  8,640 | Loss 2.1873 | LR 2.80e-04 | Tokens/s  214,269 | Total 9.06B tokens
Step  8,660 | Loss 2.0871 | LR 2.80e-04 | Tokens/s  214,896 | Total 9.08B tokens
Step  8,680 | Loss 2.1010 | LR 2.80e-04 | Tokens/s  213,592 | Total 9.10B tokens
Step  8,700 | Loss 2.1215 | LR 2.80e-04 | Tokens/s  214,264 | Total 9.12B tokens
Step  8,720 | Loss 1.9896 | LR 2.80e-04 | Tokens/s  214,645 | Total 9.14B tokens
Step  8,740 | Loss 2.0301 | LR 2.80e-04 | Tokens/s  214,780 | Total 9.16B tokens
Step  8,760 | Loss 2.2234 | LR 2.80e-04 | Tokens/s  214,251 | Total 9.19B tokens
Step  8,780 | Loss 2.1720 | LR 2.80e-04 | Tokens/s  214,210 | Total 9.21B tokens
Step  8,800 | Loss 2.0857 | LR 2.80e-04 | Tokens/s  214,489 | Total 9.23B tokens
Step  8,820 | Loss 2.2022 | LR 2.80e-04 | Tokens/s  214,947 | Total 9.25B tokens
Step  8,840 | Loss 2.1764 | LR 2.79e-04 | Tokens/s  214,129 | Total 9.27B tokens
Step  8,860 | Loss 2.0172 | LR 2.79e-04 | Tokens/s  214,195 | Total 9.29B tokens
Step  8,880 | Loss 2.1088 | LR 2.79e-04 | Tokens/s  214,857 | Total 9.31B tokens
Step  8,900 | Loss 2.2100 | LR 2.79e-04 | Tokens/s  214,213 | Total 9.33B tokens
Step  8,920 | Loss 2.1223 | LR 2.79e-04 | Tokens/s  214,798 | Total 9.35B tokens
Step  8,940 | Loss 2.1712 | LR 2.79e-04 | Tokens/s  214,899 | Total 9.37B tokens
Step  8,960 | Loss 2.1604 | LR 2.79e-04 | Tokens/s  214,164 | Total 9.40B tokens
Step  8,980 | Loss 2.0423 | LR 2.79e-04 | Tokens/s  213,460 | Total 9.42B tokens
Step  9,000 | Loss 2.3313 | LR 2.79e-04 | Tokens/s  214,897 | Total 9.44B tokens
  Validation: Loss 2.0581 | PPL 7.83
  --- samples @ step 9,000 ---
    'Once upon a time' -> , a man named John heard a strange noise. He approached a large tent filled with colorful peacocks and said, "Hello, dear friend! What is that noise I heard?"\n
    'The meaning of life is' ->  to have a purpose. It is not an unachievable goal like a goal to achieve something (it is a goal to have a life goal). It is not a goal to have a purpose to do
    'In Python, you can' ->  use the `name` parameter to specify an attribute used in the code. For example, you can use the `name` parameter to add a new name to a variable.\n\nLet's look
    'The theory of relativity states that' ->  the speed of light has a value of c, the speed of light in vacuum is c, and the speed of light in vacuum is c.\n\nIn 1905, Robert Hooke (1751-1836) introduced 
    'def fibonacci(n):' ->   # n is a list of numbers, i.e. lists\n    return fibonacci(n)[0]\n\n\ndef is_isomorphic(fibonacci, F):\n    """\n    Given a set of generators, return whether
  New best model saved (val_loss=2.0581)
  Checkpoint saved: step_9000.pt
Step  9,020 | Loss 2.1612 | LR 2.78e-04 | Tokens/s  157,787 | Total 9.46B tokens
Step  9,040 | Loss 2.0145 | LR 2.78e-04 | Tokens/s  213,957 | Total 9.48B tokens
Step  9,060 | Loss 2.1252 | LR 2.78e-04 | Tokens/s  214,735 | Total 9.50B tokens
Step  9,080 | Loss 2.1227 | LR 2.78e-04 | Tokens/s  214,103 | Total 9.52B tokens
Step  9,100 | Loss 2.1277 | LR 2.78e-04 | Tokens/s  214,624 | Total 9.54B tokens
Step  9,120 | Loss 2.0415 | LR 2.78e-04 | Tokens/s  214,671 | Total 9.56B tokens
Step  9,140 | Loss 2.1107 | LR 2.78e-04 | Tokens/s  213,907 | Total 9.58B tokens
Step  9,160 | Loss 2.0919 | LR 2.78e-04 | Tokens/s  213,891 | Total 9.60B tokens
Step  9,180 | Loss 2.1333 | LR 2.78e-04 | Tokens/s  214,627 | Total 9.63B tokens
Step  9,200 | Loss 2.0807 | LR 2.78e-04 | Tokens/s  213,852 | Total 9.65B tokens
Step  9,220 | Loss 2.1048 | LR 2.77e-04 | Tokens/s  213,364 | Total 9.67B tokens
Step  9,240 | Loss 2.2140 | LR 2.77e-04 | Tokens/s  214,714 | Total 9.69B tokens
Step  9,260 | Loss 2.0707 | LR 2.77e-04 | Tokens/s  214,464 | Total 9.71B tokens
Step  9,280 | Loss 2.1289 | LR 2.77e-04 | Tokens/s  214,603 | Total 9.73B tokens
Step  9,300 | Loss 2.1445 | LR 2.77e-04 | Tokens/s  213,287 | Total 9.75B tokens
Step  9,320 | Loss 2.3307 | LR 2.77e-04 | Tokens/s  213,746 | Total 9.77B tokens
Step  9,340 | Loss 2.1085 | LR 2.77e-04 | Tokens/s  214,641 | Total 9.79B tokens
Step  9,360 | Loss 2.1516 | LR 2.77e-04 | Tokens/s  213,651 | Total 9.81B tokens
Step  9,380 | Loss 1.9675 | LR 2.77e-04 | Tokens/s  214,251 | Total 9.84B tokens
Step  9,400 | Loss 2.1669 | LR 2.76e-04 | Tokens/s  214,611 | Total 9.86B tokens
Step  9,420 | Loss 2.0760 | LR 2.76e-04 | Tokens/s  214,706 | Total 9.88B tokens
Step  9,440 | Loss 2.0349 | LR 2.76e-04 | Tokens/s  214,359 | Total 9.90B tokens
Step  9,460 | Loss 2.1594 | LR 2.76e-04 | Tokens/s  214,904 | Total 9.92B tokens
Step  9,480 | Loss 2.2252 | LR 2.76e-04 | Tokens/s  214,240 | Total 9.94B tokens
Step  9,500 | Loss 2.2393 | LR 2.76e-04 | Tokens/s  214,590 | Total 9.96B tokens
Step  9,520 | Loss 1.9702 | LR 2.76e-04 | Tokens/s  214,283 | Total 9.98B tokens
Step  9,540 | Loss 2.0845 | LR 2.76e-04 | Tokens/s  214,228 | Total 10.00B tokens
Step  9,560 | Loss 2.0602 | LR 2.76e-04 | Tokens/s  214,446 | Total 10.02B tokens
Step  9,580 | Loss 2.0921 | LR 2.75e-04 | Tokens/s  214,938 | Total 10.05B tokens
Step  9,600 | Loss 2.1508 | LR 2.75e-04 | Tokens/s  214,899 | Total 10.07B tokens
Step  9,620 | Loss 2.0989 | LR 2.75e-04 | Tokens/s  214,900 | Total 10.09B tokens
Step  9,640 | Loss 1.9280 | LR 2.75e-04 | Tokens/s  214,257 | Total 10.11B tokens
Step  9,660 | Loss 2.0481 | LR 2.75e-04 | Tokens/s  214,074 | Total 10.13B tokens
Step  9,680 | Loss 1.9534 | LR 2.75e-04 | Tokens/s  214,180 | Total 10.15B tokens
Step  9,700 | Loss 2.1690 | LR 2.75e-04 | Tokens/s  214,359 | Total 10.17B tokens
Step  9,720 | Loss 2.1067 | LR 2.75e-04 | Tokens/s  214,508 | Total 10.19B tokens
Step  9,740 | Loss 2.1711 | LR 2.75e-04 | Tokens/s  214,966 | Total 10.21B tokens
Step  9,760 | Loss 2.1378 | LR 2.74e-04 | Tokens/s  214,141 | Total 10.23B tokens
Step  9,780 | Loss 2.0179 | LR 2.74e-04 | Tokens/s  214,855 | Total 10.26B tokens
Step  9,800 | Loss 2.1862 | LR 2.74e-04 | Tokens/s  214,996 | Total 10.28B tokens
Step  9,820 | Loss 2.1156 | LR 2.74e-04 | Tokens/s  214,291 | Total 10.30B tokens
Step  9,840 | Loss 2.1153 | LR 2.74e-04 | Tokens/s  214,588 | Total 10.32B tokens
Step  9,860 | Loss 2.0547 | LR 2.74e-04 | Tokens/s  215,023 | Total 10.34B tokens
Step  9,880 | Loss 2.1514 | LR 2.74e-04 | Tokens/s  214,261 | Total 10.36B tokens
Step  9,900 | Loss 2.1143 | LR 2.74e-04 | Tokens/s  213,468 | Total 10.38B tokens
Step  9,920 | Loss 2.0669 | LR 2.74e-04 | Tokens/s  214,747 | Total 10.40B tokens
Step  9,940 | Loss 2.0516 | LR 2.73e-04 | Tokens/s  214,753 | Total 10.42B tokens
Step  9,960 | Loss 1.9870 | LR 2.73e-04 | Tokens/s  214,723 | Total 10.44B tokens
Step  9,980 | Loss 2.1017 | LR 2.73e-04 | Tokens/s  212,756 | Total 10.46B tokens
Step 10,000 | Loss 2.1528 | LR 2.73e-04 | Tokens/s  214,334 | Total 10.49B tokens
  Validation: Loss 2.1049 | PPL 8.21
  --- samples @ step 10,000 ---
    'Once upon a time' -> , there was a little girl named Lily who lived in a beautiful country called America. Lily loved exploring her neighborhood and playing with her friends when sh
    'The meaning of life is' ->  like having a baby inside of us. And that's the point. We have so many different parts within us, each of us with its own personality, its own thoughts, its ow
    'In Python, you can' ->  get the values of the elements of an array and assign them to a variable. Let’s check out some examples:\n\n>>> a = [1, 2, 3, 4, 5]\n>>> b = a\n>>> c = a\n>>> 
    'The theory of relativity states that' ->  the laws of physics are the same in all inertial frames inertially falling to the ground.\n\nHowever, the theory of relativity would not be the only theory tha
    'def fibonacci(n):' ->  def fibonacci(n): a, b = [int(x) for x in str(n).split( ' ')] def fibonacci(a, b): def fibonacci(a, b): a, b = [int(x) for x in str(a).split(
  Checkpoint saved: step_10000.pt
Step 10,020 | Loss 2.1082 | LR 2.73e-04 | Tokens/s  169,701 | Total 10.51B tokens
Step 10,040 | Loss 2.1959 | LR 2.73e-04 | Tokens/s  213,781 | Total 10.53B tokens
Step 10,060 | Loss 2.1298 | LR 2.73e-04 | Tokens/s  214,305 | Total 10.55B tokens
Step 10,080 | Loss 2.0981 | LR 2.73e-04 | Tokens/s  214,855 | Total 10.57B tokens
Step 10,100 | Loss 2.0983 | LR 2.72e-04 | Tokens/s  214,925 | Total 10.59B tokens
Step 10,120 | Loss 2.1405 | LR 2.72e-04 | Tokens/s  214,916 | Total 10.61B tokens
Step 10,140 | Loss 2.2298 | LR 2.72e-04 | Tokens/s  213,802 | Total 10.63B tokens
Step 10,160 | Loss 2.1847 | LR 2.72e-04 | Tokens/s  214,353 | Total 10.65B tokens
Step 10,180 | Loss 2.1357 | LR 2.72e-04 | Tokens/s  214,133 | Total 10.67B tokens
Step 10,200 | Loss 2.1532 | LR 2.72e-04 | Tokens/s  214,651 | Total 10.70B tokens
Step 10,220 | Loss 2.1969 | LR 2.72e-04 | Tokens/s  212,808 | Total 10.72B tokens
Step 10,240 | Loss 2.1235 | LR 2.72e-04 | Tokens/s  214,183 | Total 10.74B tokens
Step 10,260 | Loss 2.1425 | LR 2.72e-04 | Tokens/s  214,619 | Total 10.76B tokens
Step 10,280 | Loss 2.1698 | LR 2.71e-04 | Tokens/s  214,583 | Total 10.78B tokens
Step 10,300 | Loss 2.1657 | LR 2.71e-04 | Tokens/s  214,650 | Total 10.80B tokens
Step 10,320 | Loss 2.1462 | LR 2.71e-04 | Tokens/s  213,897 | Total 10.82B tokens
Step 10,340 | Loss 2.1594 | LR 2.71e-04 | Tokens/s  214,538 | Total 10.84B tokens
Step 10,360 | Loss 2.1507 | LR 2.71e-04 | Tokens/s  213,665 | Total 10.86B tokens
Step 10,380 | Loss 2.1362 | LR 2.71e-04 | Tokens/s  213,734 | Total 10.88B tokens
Step 10,400 | Loss 2.1532 | LR 2.71e-04 | Tokens/s  214,515 | Total 10.91B tokens
Step 10,420 | Loss 2.2213 | LR 2.71e-04 | Tokens/s  214,164 | Total 10.93B tokens
Step 10,440 | Loss 2.2341 | LR 2.70e-04 | Tokens/s  214,145 | Total 10.95B tokens
Step 10,460 | Loss 2.0686 | LR 2.70e-04 | Tokens/s  214,561 | Total 10.97B tokens
Step 10,480 | Loss 2.0233 | LR 2.70e-04 | Tokens/s  214,818 | Total 10.99B tokens
Step 10,500 | Loss 2.1695 | LR 2.70e-04 | Tokens/s  213,754 | Total 11.01B tokens
Step 10,520 | Loss 2.1330 | LR 2.70e-04 | Tokens/s  214,374 | Total 11.03B tokens
Step 10,540 | Loss 2.1025 | LR 2.70e-04 | Tokens/s  214,937 | Total 11.05B tokens
Step 10,560 | Loss 2.2023 | LR 2.70e-04 | Tokens/s  214,095 | Total 11.07B tokens
Step 10,580 | Loss 2.1014 | LR 2.70e-04 | Tokens/s  213,718 | Total 11.09B tokens
Step 10,600 | Loss 2.0688 | LR 2.70e-04 | Tokens/s  214,733 | Total 11.11B tokens
Step 10,620 | Loss 2.1322 | LR 2.69e-04 | Tokens/s  214,638 | Total 11.14B tokens
Step 10,640 | Loss 2.1401 | LR 2.69e-04 | Tokens/s  214,662 | Total 11.16B tokens
Step 10,660 | Loss 2.2113 | LR 2.69e-04 | Tokens/s  214,043 | Total 11.18B tokens
Step 10,680 | Loss 2.0956 | LR 2.69e-04 | Tokens/s  213,925 | Total 11.20B tokens
Step 10,700 | Loss 2.1792 | LR 2.69e-04 | Tokens/s  214,083 | Total 11.22B tokens
Step 10,720 | Loss 2.0951 | LR 2.69e-04 | Tokens/s  214,707 | Total 11.24B tokens
Step 10,740 | Loss 2.1233 | LR 2.69e-04 | Tokens/s  214,021 | Total 11.26B tokens
Step 10,760 | Loss 2.1017 | LR 2.69e-04 | Tokens/s  213,958 | Total 11.28B tokens
Step 10,780 | Loss 2.1884 | LR 2.68e-04 | Tokens/s  214,667 | Total 11.30B tokens
Step 10,800 | Loss 2.0455 | LR 2.68e-04 | Tokens/s  214,276 | Total 11.32B tokens
Step 10,820 | Loss 2.1450 | LR 2.68e-04 | Tokens/s  214,312 | Total 11.35B tokens
Step 10,840 | Loss 2.0234 | LR 2.68e-04 | Tokens/s  214,153 | Total 11.37B tokens
Step 10,860 | Loss 2.0806 | LR 2.68e-04 | Tokens/s  214,506 | Total 11.39B tokens
Step 10,880 | Loss 2.0143 | LR 2.68e-04 | Tokens/s  214,907 | Total 11.41B tokens
Step 10,900 | Loss 2.1294 | LR 2.68e-04 | Tokens/s  213,605 | Total 11.43B tokens
Step 10,920 | Loss 1.9827 | LR 2.68e-04 | Tokens/s  214,415 | Total 11.45B tokens
Step 10,940 | Loss 2.1449 | LR 2.67e-04 | Tokens/s  214,870 | Total 11.47B tokens
Step 10,960 | Loss 2.1193 | LR 2.67e-04 | Tokens/s  214,831 | Total 11.49B tokens
Step 10,980 | Loss 2.0262 | LR 2.67e-04 | Tokens/s  214,982 | Total 11.51B tokens
Step 11,000 | Loss 2.0109 | LR 2.67e-04 | Tokens/s  215,000 | Total 11.53B tokens
  Validation: Loss 2.0196 | PPL 7.54
  --- samples @ step 11,000 ---
    'Once upon a time' -> , there was a man named Bob who lived in a colorful city filled with people of all shapes and sizes. This one was known as "Miami," where he belonged to a group
    'The meaning of life is' ->  to create value in everything, which means that there is no escape from the material world. Not in the sense that one can escape from the material world.\n\nDe
    'In Python, you can' ->  use `pip install numpy` to install a wide range of numerical libraries. This will allow you to work with data in Python, using the NumPy library along with Sci
    'The theory of relativity states that' ->  the laws of physics do not depend on the frame of reference. In other words, it implies that the laws of physics do not depend on how we look at them.\n\nIn th
    'def fibonacci(n):' ->  self.numbers += 1 def fibonacci_prime(self): def fibonacci(n): fibonacci(0) for i in range(1, n+1):  fibonacci(i) def sum_of_squares(a): def sum_of_s
  New best model saved (val_loss=2.0196)
  Checkpoint saved: step_11000.pt
Step 11,020 | Loss 2.1274 | LR 2.67e-04 | Tokens/s  157,131 | Total 11.56B tokens
Step 11,040 | Loss 2.1075 | LR 2.67e-04 | Tokens/s  214,353 | Total 11.58B tokens
Step 11,060 | Loss 2.0221 | LR 2.67e-04 | Tokens/s  215,040 | Total 11.60B tokens
Step 11,080 | Loss 2.2481 | LR 2.67e-04 | Tokens/s  214,226 | Total 11.62B tokens
Step 11,100 | Loss 1.9913 | LR 2.66e-04 | Tokens/s  214,436 | Total 11.64B tokens
Step 11,120 | Loss 2.1471 | LR 2.66e-04 | Tokens/s  214,897 | Total 11.66B tokens
Step 11,140 | Loss 2.0990 | LR 2.66e-04 | Tokens/s  215,002 | Total 11.68B tokens
Step 11,160 | Loss 2.1775 | LR 2.66e-04 | Tokens/s  214,918 | Total 11.70B tokens
Step 11,180 | Loss 2.0698 | LR 2.66e-04 | Tokens/s  213,541 | Total 11.72B tokens
Step 11,200 | Loss 2.1285 | LR 2.66e-04 | Tokens/s  214,335 | Total 11.74B tokens
Step 11,220 | Loss 1.9873 | LR 2.66e-04 | Tokens/s  214,872 | Total 11.77B tokens
Step 11,240 | Loss 2.0816 | LR 2.66e-04 | Tokens/s  214,231 | Total 11.79B tokens
Step 11,260 | Loss 2.1549 | LR 2.65e-04 | Tokens/s  213,895 | Total 11.81B tokens
Step 11,280 | Loss 2.0243 | LR 2.65e-04 | Tokens/s  214,916 | Total 11.83B tokens
Step 11,300 | Loss 2.1161 | LR 2.65e-04 | Tokens/s  214,887 | Total 11.85B tokens
Step 11,320 | Loss 2.1075 | LR 2.65e-04 | Tokens/s  214,947 | Total 11.87B tokens
Step 11,340 | Loss 2.1156 | LR 2.65e-04 | Tokens/s  214,853 | Total 11.89B tokens
Step 11,360 | Loss 2.0360 | LR 2.65e-04 | Tokens/s  214,291 | Total 11.91B tokens
Step 11,380 | Loss 2.0992 | LR 2.65e-04 | Tokens/s  214,288 | Total 11.93B tokens
Step 11,400 | Loss 2.0475 | LR 2.64e-04 | Tokens/s  214,244 | Total 11.95B tokens
Step 11,420 | Loss 2.0568 | LR 2.64e-04 | Tokens/s  214,138 | Total 11.97B tokens
Step 11,440 | Loss 2.0596 | LR 2.64e-04 | Tokens/s  214,149 | Total 12.00B tokens
Step 11,460 | Loss 2.1199 | LR 2.64e-04 | Tokens/s  214,639 | Total 12.02B tokens
Step 11,480 | Loss 2.0686 | LR 2.64e-04 | Tokens/s  213,768 | Total 12.04B tokens
Step 11,500 | Loss 2.0769 | LR 2.64e-04 | Tokens/s  214,879 | Total 12.06B tokens
Step 11,520 | Loss 2.1020 | LR 2.64e-04 | Tokens/s  214,030 | Total 12.08B tokens
Step 11,540 | Loss 1.9942 | LR 2.64e-04 | Tokens/s  214,693 | Total 12.10B tokens
Step 11,560 | Loss 2.1198 | LR 2.63e-04 | Tokens/s  214,390 | Total 12.12B tokens
Step 11,580 | Loss 2.0302 | LR 2.63e-04 | Tokens/s  213,937 | Total 12.14B tokens
Step 11,600 | Loss 2.1327 | LR 2.63e-04 | Tokens/s  214,760 | Total 12.16B tokens
Step 11,620 | Loss 2.0257 | LR 2.63e-04 | Tokens/s  213,257 | Total 12.18B tokens
Step 11,640 | Loss 2.0642 | LR 2.63e-04 | Tokens/s  214,646 | Total 12.21B tokens
Step 11,660 | Loss 2.1055 | LR 2.63e-04 | Tokens/s  214,610 | Total 12.23B tokens
Step 11,680 | Loss 2.1828 | LR 2.63e-04 | Tokens/s  214,693 | Total 12.25B tokens
Step 11,700 | Loss 2.0844 | LR 2.62e-04 | Tokens/s  212,965 | Total 12.27B tokens
Step 11,720 | Loss 2.1361 | LR 2.62e-04 | Tokens/s  214,294 | Total 12.29B tokens
Step 11,740 | Loss 1.9715 | LR 2.62e-04 | Tokens/s  214,596 | Total 12.31B tokens
Step 11,760 | Loss 2.0932 | LR 2.62e-04 | Tokens/s  213,910 | Total 12.33B tokens
Step 11,780 | Loss 2.0450 | LR 2.62e-04 | Tokens/s  214,106 | Total 12.35B tokens
Step 11,800 | Loss 2.1234 | LR 2.62e-04 | Tokens/s  214,631 | Total 12.37B tokens
Step 11,820 | Loss 1.9694 | LR 2.62e-04 | Tokens/s  214,581 | Total 12.39B tokens
Step 11,840 | Loss 2.1541 | LR 2.62e-04 | Tokens/s  214,616 | Total 12.42B tokens
Step 11,860 | Loss 2.1256 | LR 2.61e-04 | Tokens/s  213,134 | Total 12.44B tokens
Step 11,880 | Loss 2.1548 | LR 2.61e-04 | Tokens/s  214,731 | Total 12.46B tokens
Step 11,900 | Loss 2.1448 | LR 2.61e-04 | Tokens/s  214,414 | Total 12.48B tokens
Step 11,920 | Loss 1.9965 | LR 2.61e-04 | Tokens/s  213,967 | Total 12.50B tokens
Step 11,940 | Loss 1.9933 | LR 2.61e-04 | Tokens/s  213,765 | Total 12.52B tokens
Step 11,960 | Loss 2.0807 | LR 2.61e-04 | Tokens/s  214,231 | Total 12.54B tokens
Step 11,980 | Loss 2.0976 | LR 2.61e-04 | Tokens/s  214,612 | Total 12.56B tokens
Step 12,000 | Loss 2.0877 | LR 2.60e-04 | Tokens/s  214,710 | Total 12.58B tokens
  Validation: Loss 2.1308 | PPL 8.42
  --- samples @ step 12,000 ---
    'Once upon a time' -> , the government hired a group of journalists who had to work on the cover of a book and be a part of the story.\n\n    Then in 2007, a student named A.C. Dupon
    'The meaning of life is' ->  to discover your own meaning.\n\n\nHappiness and Laughter\n\nLaughter has the power to make us happy. When we laugh we put our minds at ease, we feel positive 
    'In Python, you can' ->  use the `numpy` library to perform linear algebra operations on arrays. However, Python also allows you to use it with NumPy, a library for the Python programm
    'The theory of relativity states that' ->  the laws of physics are the same in all inertial frames of reference. Contrary to the traditional understanding, which maintains that all inertial frames are i
    'def fibonacci(n):' ->  j=0 ans=0 while j: ans+= n def fibonacci(n): j=0 while j: ans=n ans+= n def fibonacci(n): for i in range(1,n+1): ans+=i def fibonacci(n): for i in range(
  Checkpoint saved: step_12000.pt
Step 12,020 | Loss 2.2457 | LR 2.60e-04 | Tokens/s  171,165 | Total 12.60B tokens
Step 12,040 | Loss 2.1512 | LR 2.60e-04 | Tokens/s  213,888 | Total 12.62B tokens
Step 12,060 | Loss 2.0525 | LR 2.60e-04 | Tokens/s  214,409 | Total 12.65B tokens
Step 12,080 | Loss 1.9222 | LR 2.60e-04 | Tokens/s  214,006 | Total 12.67B tokens
Step 12,100 | Loss 1.9959 | LR 2.60e-04 | Tokens/s  214,257 | Total 12.69B tokens
Step 12,120 | Loss 2.1064 | LR 2.60e-04 | Tokens/s  214,412 | Total 12.71B tokens
Step 12,140 | Loss 2.0707 | LR 2.60e-04 | Tokens/s  214,863 | Total 12.73B tokens
Step 12,160 | Loss 2.1765 | LR 2.59e-04 | Tokens/s  213,878 | Total 12.75B tokens
Step 12,180 | Loss 2.0572 | LR 2.59e-04 | Tokens/s  214,836 | Total 12.77B tokens
Step 12,200 | Loss 2.1389 | LR 2.59e-04 | Tokens/s  214,866 | Total 12.79B tokens
Step 12,220 | Loss 2.0780 | LR 2.59e-04 | Tokens/s  214,463 | Total 12.81B tokens
Step 12,240 | Loss 2.0737 | LR 2.59e-04 | Tokens/s  214,515 | Total 12.83B tokens
Step 12,260 | Loss 1.9051 | LR 2.59e-04 | Tokens/s  214,926 | Total 12.86B tokens
Step 12,280 | Loss 2.1066 | LR 2.59e-04 | Tokens/s  213,958 | Total 12.88B tokens
Step 12,300 | Loss 2.0030 | LR 2.58e-04 | Tokens/s  213,297 | Total 12.90B tokens
Step 12,320 | Loss 1.9485 | LR 2.58e-04 | Tokens/s  214,855 | Total 12.92B tokens
Step 12,340 | Loss 2.0976 | LR 2.58e-04 | Tokens/s  214,903 | Total 12.94B tokens
Step 12,360 | Loss 2.1135 | LR 2.58e-04 | Tokens/s  214,988 | Total 12.96B tokens
Step 12,380 | Loss 2.0687 | LR 2.58e-04 | Tokens/s  213,394 | Total 12.98B tokens
Step 12,400 | Loss 2.0967 | LR 2.58e-04 | Tokens/s  214,072 | Total 13.00B tokens
Step 12,420 | Loss 2.0599 | LR 2.58e-04 | Tokens/s  214,867 | Total 13.02B tokens
Step 12,440 | Loss 1.9688 | LR 2.57e-04 | Tokens/s  214,366 | Total 13.04B tokens
Step 12,460 | Loss 2.0396 | LR 2.57e-04 | Tokens/s  214,506 | Total 13.07B tokens
Step 12,480 | Loss 2.1581 | LR 2.57e-04 | Tokens/s  214,768 | Total 13.09B tokens
Step 12,500 | Loss 2.0457 | LR 2.57e-04 | Tokens/s  214,604 | Total 13.11B tokens
Step 12,520 | Loss 2.0189 | LR 2.57e-04 | Tokens/s  214,678 | Total 13.13B tokens
Step 12,540 | Loss 2.0454 | LR 2.57e-04 | Tokens/s  213,699 | Total 13.15B tokens
Step 12,560 | Loss 2.0420 | LR 2.57e-04 | Tokens/s  213,820 | Total 13.17B tokens
Step 12,580 | Loss 1.9528 | LR 2.56e-04 | Tokens/s  214,220 | Total 13.19B tokens
Step 12,600 | Loss 2.1024 | LR 2.56e-04 | Tokens/s  214,686 | Total 13.21B tokens
Step 12,620 | Loss 2.0761 | LR 2.56e-04 | Tokens/s  213,208 | Total 13.23B tokens
Step 12,640 | Loss 2.0061 | LR 2.56e-04 | Tokens/s  214,171 | Total 13.25B tokens
Step 12,660 | Loss 1.9915 | LR 2.56e-04 | Tokens/s  214,601 | Total 13.27B tokens
Step 12,680 | Loss 2.0287 | LR 2.56e-04 | Tokens/s  214,634 | Total 13.30B tokens
Step 12,700 | Loss 2.0063 | LR 2.56e-04 | Tokens/s  214,650 | Total 13.32B tokens
Step 12,720 | Loss 2.0787 | LR 2.55e-04 | Tokens/s  213,919 | Total 13.34B tokens
Step 12,740 | Loss 1.9921 | LR 2.55e-04 | Tokens/s  214,678 | Total 13.36B tokens
Step 12,760 | Loss 2.1219 | LR 2.55e-04 | Tokens/s  213,590 | Total 13.38B tokens
Step 12,780 | Loss 2.0034 | LR 2.55e-04 | Tokens/s  213,887 | Total 13.40B tokens
Step 12,800 | Loss 1.9964 | LR 2.55e-04 | Tokens/s  214,540 | Total 13.42B tokens
Step 12,820 | Loss 2.0134 | LR 2.55e-04 | Tokens/s  214,072 | Total 13.44B tokens
Step 12,840 | Loss 2.0761 | LR 2.55e-04 | Tokens/s  213,878 | Total 13.46B tokens
Step 12,860 | Loss 1.9572 | LR 2.54e-04 | Tokens/s  214,565 | Total 13.48B tokens
Step 12,880 | Loss 2.1406 | LR 2.54e-04 | Tokens/s  214,400 | Total 13.51B tokens
Step 12,900 | Loss 1.9968 | LR 2.54e-04 | Tokens/s  213,908 | Total 13.53B tokens
Step 12,920 | Loss 2.0590 | LR 2.54e-04 | Tokens/s  214,350 | Total 13.55B tokens
Step 12,940 | Loss 2.1191 | LR 2.54e-04 | Tokens/s  214,622 | Total 13.57B tokens
Step 12,960 | Loss 1.9794 | LR 2.54e-04 | Tokens/s  213,819 | Total 13.59B tokens
Step 12,980 | Loss 2.0712 | LR 2.54e-04 | Tokens/s  214,075 | Total 13.61B tokens
Step 13,000 | Loss 1.9475 | LR 2.53e-04 | Tokens/s  214,016 | Total 13.63B tokens
  Validation: Loss 2.0141 | PPL 7.49
  --- samples @ step 13,000 ---
    'Once upon a time' ->  in the 20th century, a group of scientists known as the Francis Institute created a groundbreaking technology that was both affordable and sophisticated.\n\nTh
    'The meaning of life is' ->  to be happy.\n\nIt’s a personal choice whether we like what our life brings, or we are forced to ignore it.\n\nIf we are going to follow our values and live ou
    'In Python, you can' ->  make lists by using the built-in built-in operator, which works like this: [0,1,2,3,4] -> [0,1,2,3,4] We can also get the length of a list by using the built-i
    'The theory of relativity states that' ->  the speed of light is invariant under any transformation that is represented by a set of unit vectors, which are called proper motion or rest frame.\n\n### Rel
    'def fibonacci(n):' -> \n    if n > 1:\n        return [2, 1, 1]\n    return [1, 2, 3]\n\ndef fibonacci(n):\n    if n > 1:\n        return [n]\n    return [1, 2,
  New best model saved (val_loss=2.0141)
  Checkpoint saved: step_13000.pt
Step 13,020 | Loss 1.9340 | LR 2.53e-04 | Tokens/s  158,617 | Total 13.65B tokens
Step 13,040 | Loss 1.9171 | LR 2.53e-04 | Tokens/s  214,530 | Total 13.67B tokens
Step 13,060 | Loss 2.0432 | LR 2.53e-04 | Tokens/s  213,617 | Total 13.69B tokens
Step 13,080 | Loss 2.0690 | LR 2.53e-04 | Tokens/s  214,587 | Total 13.72B tokens
Step 13,100 | Loss 2.0358 | LR 2.53e-04 | Tokens/s  214,059 | Total 13.74B tokens
Step 13,120 | Loss 2.1360 | LR 2.53e-04 | Tokens/s  213,322 | Total 13.76B tokens
Step 13,140 | Loss 2.0252 | LR 2.52e-04 | Tokens/s  214,747 | Total 13.78B tokens
Step 13,160 | Loss 1.9220 | LR 2.52e-04 | Tokens/s  214,311 | Total 13.80B tokens
Step 13,180 | Loss 2.0567 | LR 2.52e-04 | Tokens/s  214,959 | Total 13.82B tokens
Step 13,200 | Loss 2.0740 | LR 2.52e-04 | Tokens/s  214,249 | Total 13.84B tokens
Step 13,220 | Loss 1.9321 | LR 2.52e-04 | Tokens/s  214,982 | Total 13.86B tokens
Step 13,240 | Loss 2.2224 | LR 2.52e-04 | Tokens/s  214,528 | Total 13.88B tokens
Step 13,260 | Loss 2.0244 | LR 2.52e-04 | Tokens/s  214,201 | Total 13.90B tokens
Step 13,280 | Loss 2.0530 | LR 2.51e-04 | Tokens/s  214,697 | Total 13.93B tokens
Step 13,300 | Loss 2.1285 | LR 2.51e-04 | Tokens/s  213,853 | Total 13.95B tokens
Step 13,320 | Loss 2.1117 | LR 2.51e-04 | Tokens/s  214,134 | Total 13.97B tokens
Step 13,340 | Loss 2.1051 | LR 2.51e-04 | Tokens/s  213,977 | Total 13.99B tokens
Step 13,360 | Loss 2.0489 | LR 2.51e-04 | Tokens/s  214,430 | Total 14.01B tokens
Step 13,380 | Loss 2.0707 | LR 2.51e-04 | Tokens/s  214,891 | Total 14.03B tokens
Step 13,400 | Loss 2.1365 | LR 2.50e-04 | Tokens/s  214,179 | Total 14.05B tokens
Step 13,420 | Loss 2.1470 | LR 2.50e-04 | Tokens/s  213,694 | Total 14.07B tokens
Step 13,440 | Loss 2.1812 | LR 2.50e-04 | Tokens/s  214,221 | Total 14.09B tokens
Step 13,460 | Loss 2.0696 | LR 2.50e-04 | Tokens/s  213,867 | Total 14.11B tokens
Step 13,480 | Loss 2.0046 | LR 2.50e-04 | Tokens/s  214,747 | Total 14.13B tokens
Step 13,500 | Loss 2.1430 | LR 2.50e-04 | Tokens/s  214,307 | Total 14.16B tokens
Step 13,520 | Loss 2.0608 | LR 2.50e-04 | Tokens/s  214,661 | Total 14.18B tokens
Step 13,540 | Loss 2.1191 | LR 2.49e-04 | Tokens/s  214,675 | Total 14.20B tokens
Step 13,560 | Loss 1.9478 | LR 2.49e-04 | Tokens/s  214,587 | Total 14.22B tokens
Step 13,580 | Loss 1.9182 | LR 2.49e-04 | Tokens/s  213,404 | Total 14.24B tokens
Step 13,600 | Loss 1.9019 | LR 2.49e-04 | Tokens/s  214,192 | Total 14.26B tokens
Step 13,620 | Loss 2.1874 | LR 2.49e-04 | Tokens/s  214,714 | Total 14.28B tokens
Step 13,640 | Loss 2.0726 | LR 2.49e-04 | Tokens/s  213,864 | Total 14.30B tokens
Step 13,660 | Loss 1.9786 | LR 2.49e-04 | Tokens/s  213,690 | Total 14.32B tokens
Step 13,680 | Loss 2.0118 | LR 2.48e-04 | Tokens/s  214,642 | Total 14.34B tokens
Step 13,700 | Loss 2.0974 | LR 2.48e-04 | Tokens/s  214,700 | Total 14.37B tokens
Step 13,720 | Loss 2.0713 | LR 2.48e-04 | Tokens/s  214,715 | Total 14.39B tokens
Step 13,740 | Loss 2.0487 | LR 2.48e-04 | Tokens/s  214,659 | Total 14.41B tokens
Step 13,760 | Loss 2.0326 | LR 2.48e-04 | Tokens/s  213,999 | Total 14.43B tokens
Step 13,780 | Loss 2.0112 | LR 2.48e-04 | Tokens/s  214,201 | Total 14.45B tokens
Step 13,800 | Loss 2.0496 | LR 2.47e-04 | Tokens/s  214,143 | Total 14.47B tokens
Step 13,820 | Loss 2.1129 | LR 2.47e-04 | Tokens/s  213,849 | Total 14.49B tokens
Step 13,840 | Loss 2.0757 | LR 2.47e-04 | Tokens/s  214,052 | Total 14.51B tokens
Step 13,860 | Loss 1.9931 | LR 2.47e-04 | Tokens/s  214,663 | Total 14.53B tokens
Step 13,880 | Loss 2.0855 | LR 2.47e-04 | Tokens/s  213,968 | Total 14.55B tokens
Step 13,900 | Loss 1.9921 | LR 2.47e-04 | Tokens/s  214,738 | Total 14.58B tokens
Step 13,920 | Loss 1.9173 | LR 2.47e-04 | Tokens/s  213,982 | Total 14.60B tokens
Step 13,940 | Loss 2.0778 | LR 2.46e-04 | Tokens/s  214,682 | Total 14.62B tokens
Step 13,960 | Loss 2.0712 | LR 2.46e-04 | Tokens/s  214,182 | Total 14.64B tokens
Step 13,980 | Loss 2.0573 | LR 2.46e-04 | Tokens/s  213,892 | Total 14.66B tokens
Step 14,000 | Loss 2.0306 | LR 2.46e-04 | Tokens/s  214,474 | Total 14.68B tokens
  Validation: Loss 2.0827 | PPL 8.03
  --- samples @ step 14,000 ---
    'Once upon a time' -> , people thought that only certain types of foods were good for us. For example, they believed that eating lots of bread was the only way to stay healthy. But n
    'The meaning of life is' ->  to go to work, go to court, and then come home.\n\nIn contrast, as J. S. Peirce remarked, the life of a person is to be "a lively, active, animated, and creati
    'In Python, you can' ->  use the following example to learn the topic in Python:\n\n```python\nprint(f"Hello My Name is {name}")\n```\n\n### Binary Data\n\nNow let's learn a more advan
    'The theory of relativity states that' ->  every physical object in the universe is actually a copy of another object somewhere on the universe. For example, your heart has a physical analogue that you 
    'def fibonacci(n):' ->  return fibonacci(n-1) + fibonacci(n-2) if n > 1 else 0 for n in range(2,n+1)\nprint(fibonacci(10000))\n\n\n### Example 1\n\n# Generate an array
  Checkpoint saved: step_14000.pt
Step 14,020 | Loss 2.1860 | LR 2.46e-04 | Tokens/s  176,928 | Total 14.70B tokens
Step 14,040 | Loss 1.9676 | LR 2.46e-04 | Tokens/s  214,732 | Total 14.72B tokens
Step 14,060 | Loss 2.0603 | LR 2.45e-04 | Tokens/s  214,642 | Total 14.74B tokens
Step 14,080 | Loss 2.0326 | LR 2.45e-04 | Tokens/s  214,632 | Total 14.76B tokens
Step 14,100 | Loss 2.0027 | LR 2.45e-04 | Tokens/s  213,330 | Total 14.78B tokens
Step 14,120 | Loss 2.1497 | LR 2.45e-04 | Tokens/s  214,151 | Total 14.81B tokens
Step 14,140 | Loss 2.1583 | LR 2.45e-04 | Tokens/s  214,685 | Total 14.83B tokens
Step 14,160 | Loss 2.0248 | LR 2.45e-04 | Tokens/s  213,956 | Total 14.85B tokens
Step 14,180 | Loss 2.0841 | LR 2.45e-04 | Tokens/s  214,286 | Total 14.87B tokens
Step 14,200 | Loss 2.0811 | LR 2.44e-04 | Tokens/s  214,848 | Total 14.89B tokens
Step 14,220 | Loss 2.0939 | LR 2.44e-04 | Tokens/s  214,912 | Total 14.91B tokens
Step 14,240 | Loss 2.0707 | LR 2.44e-04 | Tokens/s  214,983 | Total 14.93B tokens
Step 14,260 | Loss 2.0270 | LR 2.44e-04 | Tokens/s  213,929 | Total 14.95B tokens
Step 14,280 | Loss 2.0631 | LR 2.44e-04 | Tokens/s  214,908 | Total 14.97B tokens
Step 14,300 | Loss 1.9636 | LR 2.44e-04 | Tokens/s  214,606 | Total 14.99B tokens
Step 14,320 | Loss 1.9416 | LR 2.43e-04 | Tokens/s  214,533 | Total 15.02B tokens
Step 14,340 | Loss 2.0728 | LR 2.43e-04 | Tokens/s  214,389 | Total 15.04B tokens
Step 14,360 | Loss 2.0709 | LR 2.43e-04 | Tokens/s  214,561 | Total 15.06B tokens
Step 14,380 | Loss 2.0417 | LR 2.43e-04 | Tokens/s  214,895 | Total 15.08B tokens
Step 14,400 | Loss 2.1669 | LR 2.43e-04 | Tokens/s  214,972 | Total 15.10B tokens
Step 14,420 | Loss 2.0410 | LR 2.43e-04 | Tokens/s  215,054 | Total 15.12B tokens
Step 14,440 | Loss 2.0104 | LR 2.42e-04 | Tokens/s  214,556 | Total 15.14B tokens
Step 14,460 | Loss 1.9920 | LR 2.42e-04 | Tokens/s  214,457 | Total 15.16B tokens
Step 14,480 | Loss 2.1477 | LR 2.42e-04 | Tokens/s  214,463 | Total 15.18B tokens
Step 14,500 | Loss 2.1230 | LR 2.42e-04 | Tokens/s  214,456 | Total 15.20B tokens
Step 14,520 | Loss 2.0744 | LR 2.42e-04 | Tokens/s  214,392 | Total 15.23B tokens
Step 14,540 | Loss 2.0494 | LR 2.42e-04 | Tokens/s  214,967 | Total 15.25B tokens
Step 14,560 | Loss 1.8958 | LR 2.42e-04 | Tokens/s  214,451 | Total 15.27B tokens
Step 14,580 | Loss 2.0060 | LR 2.41e-04 | Tokens/s  214,996 | Total 15.29B tokens
Step 14,600 | Loss 2.0118 | LR 2.41e-04 | Tokens/s  214,665 | Total 15.31B tokens
Step 14,620 | Loss 2.0265 | LR 2.41e-04 | Tokens/s  215,032 | Total 15.33B tokens
Step 14,640 | Loss 2.1232 | LR 2.41e-04 | Tokens/s  214,481 | Total 15.35B tokens
Step 14,660 | Loss 1.9431 | LR 2.41e-04 | Tokens/s  214,495 | Total 15.37B tokens
Step 14,680 | Loss 2.0039 | LR 2.41e-04 | Tokens/s  215,047 | Total 15.39B tokens
Step 14,700 | Loss 2.0270 | LR 2.40e-04 | Tokens/s  214,448 | Total 15.41B tokens
Step 14,720 | Loss 1.9779 | LR 2.40e-04 | Tokens/s  214,094 | Total 15.44B tokens
Step 14,740 | Loss 2.1178 | LR 2.40e-04 | Tokens/s  215,044 | Total 15.46B tokens
Step 14,760 | Loss 2.0489 | LR 2.40e-04 | Tokens/s  214,693 | Total 15.48B tokens
Step 14,780 | Loss 2.0198 | LR 2.40e-04 | Tokens/s  214,000 | Total 15.50B tokens
Step 14,800 | Loss 2.0885 | LR 2.40e-04 | Tokens/s  213,752 | Total 15.52B tokens
Step 14,820 | Loss 2.0516 | LR 2.39e-04 | Tokens/s  215,007 | Total 15.54B tokens
Step 14,840 | Loss 2.0096 | LR 2.39e-04 | Tokens/s  214,552 | Total 15.56B tokens
Step 14,860 | Loss 1.9928 | LR 2.39e-04 | Tokens/s  214,465 | Total 15.58B tokens
Step 14,880 | Loss 2.1332 | LR 2.39e-04 | Tokens/s  215,103 | Total 15.60B tokens
Step 14,900 | Loss 2.0726 | LR 2.39e-04 | Tokens/s  215,112 | Total 15.62B tokens
Step 14,920 | Loss 1.9841 | LR 2.39e-04 | Tokens/s  215,029 | Total 15.64B tokens
Step 14,940 | Loss 2.1054 | LR 2.38e-04 | Tokens/s  214,141 | Total 15.67B tokens
Step 14,960 | Loss 2.0464 | LR 2.38e-04 | Tokens/s  215,091 | Total 15.69B tokens
Step 14,980 | Loss 2.0484 | LR 2.38e-04 | Tokens/s  214,511 | Total 15.71B tokens
Step 15,000 | Loss 1.9370 | LR 2.38e-04 | Tokens/s  214,553 | Total 15.73B tokens
  Validation: Loss 1.9642 | PPL 7.13
  --- samples @ step 15,000 ---
    'Once upon a time' -> , there were two little friends named Max and Lily. They loved exploring their neighborhood every day after school. One sunny afternoon, while playing together 
    'The meaning of life is' ->  that it is the life of the individual.\n\nWe are all human and all part of the earth. We are all connected in a vast network of relationships and the relations
    'In Python, you can' ->  use the following. If you need help with your coding and data analysis skills, take a look at our edX support.\n\n## Data Science\n\nData science is the proces
    'The theory of relativity states that' ->  light behaves as a wave, bending around obstacles, like water flowing over smooth floors, but that objects also bend in different directions around them. This 
    'def fibonacci(n):' -> \n    """Returns the nth Fibonacci number"""\n    if n == 0:\n        return 0\n    else:\n        return fibonacci(n - 1) + fibonacci(n - 2)\n\n\ndef fibonacci
  New best model saved (val_loss=1.9642)
  Checkpoint saved: step_15000.pt
Step 15,020 | Loss 2.0679 | LR 2.38e-04 | Tokens/s  146,523 | Total 15.75B tokens
Step 15,040 | Loss 2.0943 | LR 2.38e-04 | Tokens/s  214,447 | Total 15.77B tokens
Step 15,060 | Loss 2.0459 | LR 2.38e-04 | Tokens/s  215,066 | Total 15.79B tokens
Step 15,080 | Loss 1.9144 | LR 2.37e-04 | Tokens/s  215,175 | Total 15.81B tokens
Step 15,100 | Loss 1.9549 | LR 2.37e-04 | Tokens/s  214,416 | Total 15.83B tokens
Step 15,120 | Loss 2.0751 | LR 2.37e-04 | Tokens/s  214,716 | Total 15.85B tokens
Step 15,140 | Loss 2.0979 | LR 2.37e-04 | Tokens/s  215,105 | Total 15.88B tokens
Step 15,160 | Loss 1.9686 | LR 2.37e-04 | Tokens/s  214,278 | Total 15.90B tokens
Step 15,180 | Loss 2.1706 | LR 2.37e-04 | Tokens/s  214,397 | Total 15.92B tokens
Step 15,200 | Loss 2.0386 | LR 2.36e-04 | Tokens/s  214,761 | Total 15.94B tokens
Step 15,220 | Loss 2.0031 | LR 2.36e-04 | Tokens/s  214,160 | Total 15.96B tokens
Step 15,240 | Loss 1.9496 | LR 2.36e-04 | Tokens/s  214,746 | Total 15.98B tokens
Step 15,260 | Loss 2.0636 | LR 2.36e-04 | Tokens/s  214,312 | Total 16.00B tokens
Step 15,280 | Loss 2.1217 | LR 2.36e-04 | Tokens/s  214,450 | Total 16.02B tokens
Step 15,300 | Loss 1.9098 | LR 2.36e-04 | Tokens/s  213,970 | Total 16.04B tokens
Step 15,320 | Loss 1.9758 | LR 2.35e-04 | Tokens/s  214,339 | Total 16.06B tokens
Step 15,340 | Loss 2.0355 | LR 2.35e-04 | Tokens/s  214,192 | Total 16.09B tokens
Step 15,360 | Loss 1.9883 | LR 2.35e-04 | Tokens/s  214,153 | Total 16.11B tokens
Step 15,380 | Loss 2.1017 | LR 2.35e-04 | Tokens/s  214,249 | Total 16.13B tokens
Step 15,400 | Loss 1.9187 | LR 2.35e-04 | Tokens/s  214,904 | Total 16.15B tokens
Step 15,420 | Loss 1.9827 | LR 2.35e-04 | Tokens/s  214,865 | Total 16.17B tokens
Step 15,440 | Loss 1.9636 | LR 2.34e-04 | Tokens/s  214,824 | Total 16.19B tokens
Step 15,460 | Loss 2.1102 | LR 2.34e-04 | Tokens/s  214,421 | Total 16.21B tokens
Step 15,480 | Loss 2.0920 | LR 2.34e-04 | Tokens/s  214,479 | Total 16.23B tokens
Step 15,500 | Loss 2.0369 | LR 2.34e-04 | Tokens/s  214,717 | Total 16.25B tokens
Step 15,520 | Loss 1.9623 | LR 2.34e-04 | Tokens/s  214,513 | Total 16.27B tokens
Step 15,540 | Loss 2.0762 | LR 2.34e-04 | Tokens/s  214,994 | Total 16.29B tokens
Step 15,560 | Loss 2.0340 | LR 2.33e-04 | Tokens/s  213,565 | Total 16.32B tokens
Step 15,580 | Loss 2.0596 | LR 2.33e-04 | Tokens/s  215,012 | Total 16.34B tokens
Step 15,600 | Loss 1.9764 | LR 2.33e-04 | Tokens/s  214,975 | Total 16.36B tokens
Step 15,620 | Loss 2.0412 | LR 2.33e-04 | Tokens/s  215,022 | Total 16.38B tokens
Step 15,640 | Loss 2.1088 | LR 2.33e-04 | Tokens/s  214,592 | Total 16.40B tokens
Step 15,660 | Loss 2.0611 | LR 2.33e-04 | Tokens/s  214,438 | Total 16.42B tokens
Step 15,680 | Loss 2.1431 | LR 2.32e-04 | Tokens/s  214,984 | Total 16.44B tokens
Step 15,700 | Loss 2.0138 | LR 2.32e-04 | Tokens/s  213,953 | Total 16.46B tokens
Step 15,720 | Loss 1.9811 | LR 2.32e-04 | Tokens/s  214,424 | Total 16.48B tokens
Step 15,740 | Loss 1.9623 | LR 2.32e-04 | Tokens/s  215,094 | Total 16.50B tokens
Step 15,760 | Loss 2.0147 | LR 2.32e-04 | Tokens/s  215,042 | Total 16.53B tokens
Step 15,780 | Loss 2.1067 | LR 2.32e-04 | Tokens/s  214,323 | Total 16.55B tokens
Step 15,800 | Loss 1.8583 | LR 2.31e-04 | Tokens/s  214,695 | Total 16.57B tokens
Step 15,820 | Loss 1.9520 | LR 2.31e-04 | Tokens/s  215,055 | Total 16.59B tokens
Step 15,840 | Loss 2.0947 | LR 2.31e-04 | Tokens/s  214,616 | Total 16.61B tokens
Step 15,860 | Loss 1.9784 | LR 2.31e-04 | Tokens/s  214,638 | Total 16.63B tokens
Step 15,880 | Loss 2.1016 | LR 2.31e-04 | Tokens/s  215,027 | Total 16.65B tokens
Step 15,900 | Loss 1.9548 | LR 2.31e-04 | Tokens/s  214,521 | Total 16.67B tokens
Step 15,920 | Loss 2.0017 | LR 2.30e-04 | Tokens/s  215,121 | Total 16.69B tokens
Step 15,940 | Loss 1.9968 | LR 2.30e-04 | Tokens/s  214,566 | Total 16.71B tokens
Step 15,960 | Loss 1.9579 | LR 2.30e-04 | Tokens/s  215,094 | Total 16.74B tokens
Step 15,980 | Loss 1.9162 | LR 2.30e-04 | Tokens/s  214,706 | Total 16.76B tokens
Step 16,000 | Loss 2.0487 | LR 2.30e-04 | Tokens/s  214,643 | Total 16.78B tokens
  Validation: Loss 2.0349 | PPL 7.65
  --- samples @ step 16,000 ---
    'Once upon a time' -> , there was a magical land called Earth. It was full of different lands, each having its own special plants, animals, and people.\n\nOne day, two groups of frie
    'The meaning of life is' ->  not easy to define. But he does know what he is talking about and he is right in saying that you do not want to be a man who thinks that life is easy. He tells
    'In Python, you can' ->  create a function that adds a number to a list. You may use the `if` statement to test if a condition is true and to accept or reject the test. The code is as 
    'The theory of relativity states that' ->  mass and energy can be converted into each other. But there are some minor details that we need to understand about how the universe works. The reason for this
    'def fibonacci(n):' ->  return 1 if n == 0 else fibonacci(n-1)+fibonacci(n-2) return 1 print fibonacci(20) 1 0 1 1 1 1 1 0 0 0 0 1 0 
  Checkpoint saved: step_16000.pt
Step 16,020 | Loss 2.0611 | LR 2.30e-04 | Tokens/s  177,752 | Total 16.80B tokens
Step 16,040 | Loss 1.9795 | LR 2.29e-04 | Tokens/s  214,658 | Total 16.82B tokens
Step 16,060 | Loss 2.0514 | LR 2.29e-04 | Tokens/s  214,580 | Total 16.84B tokens
Step 16,080 | Loss 2.0238 | LR 2.29e-04 | Tokens/s  215,215 | Total 16.86B tokens
Step 16,100 | Loss 2.0524 | LR 2.29e-04 | Tokens/s  215,280 | Total 16.88B tokens
Step 16,120 | Loss 1.9953 | LR 2.29e-04 | Tokens/s  215,093 | Total 16.90B tokens
Step 16,140 | Loss 2.0847 | LR 2.29e-04 | Tokens/s  214,399 | Total 16.92B tokens
Step 16,160 | Loss 1.8727 | LR 2.28e-04 | Tokens/s  213,971 | Total 16.94B tokens
Step 16,180 | Loss 1.8881 | LR 2.28e-04 | Tokens/s  214,540 | Total 16.97B tokens
Step 16,200 | Loss 1.9849 | LR 2.28e-04 | Tokens/s  214,344 | Total 16.99B tokens
Step 16,220 | Loss 1.8677 | LR 2.28e-04 | Tokens/s  214,761 | Total 17.01B tokens
Step 16,240 | Loss 1.9367 | LR 2.28e-04 | Tokens/s  213,685 | Total 17.03B tokens
Step 16,260 | Loss 2.0049 | LR 2.27e-04 | Tokens/s  214,625 | Total 17.05B tokens
Step 16,280 | Loss 2.0442 | LR 2.27e-04 | Tokens/s  214,625 | Total 17.07B tokens
Step 16,300 | Loss 2.0021 | LR 2.27e-04 | Tokens/s  214,691 | Total 17.09B tokens
Step 16,320 | Loss 2.1167 | LR 2.27e-04 | Tokens/s  214,261 | Total 17.11B tokens
Step 16,340 | Loss 1.9082 | LR 2.27e-04 | Tokens/s  214,787 | Total 17.13B tokens
Step 16,360 | Loss 2.0688 | LR 2.27e-04 | Tokens/s  214,332 | Total 17.15B tokens
Step 16,380 | Loss 2.1127 | LR 2.26e-04 | Tokens/s  213,751 | Total 17.18B tokens
Step 16,400 | Loss 2.1777 | LR 2.26e-04 | Tokens/s  214,903 | Total 17.20B tokens
Step 16,420 | Loss 2.0185 | LR 2.26e-04 | Tokens/s  214,262 | Total 17.22B tokens
Step 16,440 | Loss 2.0344 | LR 2.26e-04 | Tokens/s  215,290 | Total 17.24B tokens
Step 16,460 | Loss 2.0148 | LR 2.26e-04 | Tokens/s  214,309 | Total 17.26B tokens
Step 16,480 | Loss 1.9122 | LR 2.26e-04 | Tokens/s  214,792 | Total 17.28B tokens
Step 16,500 | Loss 1.9433 | LR 2.25e-04 | Tokens/s  215,265 | Total 17.30B tokens
Step 16,520 | Loss 2.0422 | LR 2.25e-04 | Tokens/s  214,607 | Total 17.32B tokens
Step 16,540 | Loss 1.9569 | LR 2.25e-04 | Tokens/s  214,435 | Total 17.34B tokens
Step 16,560 | Loss 2.0866 | LR 2.25e-04 | Tokens/s  215,196 | Total 17.36B tokens
Step 16,580 | Loss 1.9267 | LR 2.25e-04 | Tokens/s  214,482 | Total 17.39B tokens
Step 16,600 | Loss 1.9199 | LR 2.25e-04 | Tokens/s  215,255 | Total 17.41B tokens
Step 16,620 | Loss 1.9705 | LR 2.24e-04 | Tokens/s  214,244 | Total 17.43B tokens
Step 16,640 | Loss 2.0791 | LR 2.24e-04 | Tokens/s  214,834 | Total 17.45B tokens
Step 16,660 | Loss 2.1689 | LR 2.24e-04 | Tokens/s  214,547 | Total 17.47B tokens
Step 16,680 | Loss 2.1077 | LR 2.24e-04 | Tokens/s  215,162 | Total 17.49B tokens
Step 16,700 | Loss 1.9583 | LR 2.24e-04 | Tokens/s  213,941 | Total 17.51B tokens
Step 16,720 | Loss 2.0731 | LR 2.24e-04 | Tokens/s  214,321 | Total 17.53B tokens
Step 16,740 | Loss 1.9873 | LR 2.23e-04 | Tokens/s  214,636 | Total 17.55B tokens
Step 16,760 | Loss 1.9805 | LR 2.23e-04 | Tokens/s  213,619 | Total 17.57B tokens
Step 16,780 | Loss 1.9230 | LR 2.23e-04 | Tokens/s  215,009 | Total 17.60B tokens
Step 16,800 | Loss 1.9282 | LR 2.23e-04 | Tokens/s  215,011 | Total 17.62B tokens
Step 16,820 | Loss 2.0393 | LR 2.23e-04 | Tokens/s  214,580 | Total 17.64B tokens
Step 16,840 | Loss 2.0578 | LR 2.22e-04 | Tokens/s  214,118 | Total 17.66B tokens
Step 16,860 | Loss 2.0167 | LR 2.22e-04 | Tokens/s  214,092 | Total 17.68B tokens
Step 16,880 | Loss 2.0652 | LR 2.22e-04 | Tokens/s  213,503 | Total 17.70B tokens
Step 16,900 | Loss 2.0694 | LR 2.22e-04 | Tokens/s  214,906 | Total 17.72B tokens
Step 16,920 | Loss 2.0096 | LR 2.22e-04 | Tokens/s  213,491 | Total 17.74B tokens
Step 16,940 | Loss 2.0404 | LR 2.22e-04 | Tokens/s  215,000 | Total 17.76B tokens
Step 16,960 | Loss 2.0341 | LR 2.21e-04 | Tokens/s  214,662 | Total 17.78B tokens
Step 16,980 | Loss 2.0239 | LR 2.21e-04 | Tokens/s  214,616 | Total 17.80B tokens
Step 17,000 | Loss 2.0265 | LR 2.21e-04 | Tokens/s  214,267 | Total 17.83B tokens
  Validation: Loss 2.0560 | PPL 7.81
  --- samples @ step 17,000 ---
    'Once upon a time' -> , in a magical kingdom called Mindville, there lived tiny creatures called neurons. These neurons were responsible for helping each person see, hear, taste, and
    'The meaning of life is' ->  to have a good life.\n\nThe purpose of a good life is to have a good life, and when we have a good life, we are free. If we have a good life, then we are happy
    'In Python, you can' ->  use the `lambda` keyword to define a small anonymous function.\n\nLet's look at the code:\n```python\ndef factorial(n):\n    return n * factorial(n-1)\n```\nIn
    'The theory of relativity states that' ->  all states of energy and matter are the result of the fact that particles travel at the speed of light, and the speed of light is equal to the speed of the ave
    'def fibonacci(n):' ->  fibonacci(n-1) return fibonacci(n-2)\n\ndef fibonacci(n):\n    if n == 1: return 0\n    if n == 2: return 1\n    if n == 3: return 1\n    if n ==
  Checkpoint saved: step_17000.pt
Step 17,020 | Loss 1.9703 | LR 2.21e-04 | Tokens/s  177,669 | Total 17.85B tokens
Step 17,040 | Loss 1.9015 | LR 2.21e-04 | Tokens/s  213,948 | Total 17.87B tokens
Step 17,060 | Loss 2.0164 | LR 2.21e-04 | Tokens/s  213,684 | Total 17.89B tokens
Step 17,080 | Loss 1.9279 | LR 2.20e-04 | Tokens/s  215,053 | Total 17.91B tokens
Step 17,100 | Loss 2.0066 | LR 2.20e-04 | Tokens/s  214,352 | Total 17.93B tokens
Step 17,120 | Loss 2.0871 | LR 2.20e-04 | Tokens/s  215,014 | Total 17.95B tokens
Step 17,140 | Loss 2.0423 | LR 2.20e-04 | Tokens/s  213,716 | Total 17.97B tokens
Step 17,160 | Loss 2.0886 | LR 2.20e-04 | Tokens/s  215,165 | Total 17.99B tokens
Step 17,180 | Loss 1.9208 | LR 2.20e-04 | Tokens/s  214,157 | Total 18.01B tokens
Step 17,200 | Loss 2.0363 | LR 2.19e-04 | Tokens/s  213,693 | Total 18.04B tokens
Step 17,220 | Loss 2.0567 | LR 2.19e-04 | Tokens/s  214,485 | Total 18.06B tokens
Step 17,240 | Loss 2.0756 | LR 2.19e-04 | Tokens/s  213,496 | Total 18.08B tokens
Step 17,260 | Loss 2.1072 | LR 2.19e-04 | Tokens/s  213,963 | Total 18.10B tokens
Step 17,280 | Loss 2.1199 | LR 2.19e-04 | Tokens/s  214,958 | Total 18.12B tokens
Step 17,300 | Loss 2.0817 | LR 2.18e-04 | Tokens/s  214,199 | Total 18.14B tokens
Step 17,320 | Loss 2.0621 | LR 2.18e-04 | Tokens/s  214,594 | Total 18.16B tokens
Step 17,340 | Loss 1.9949 | LR 2.18e-04 | Tokens/s  214,002 | Total 18.18B tokens
Step 17,360 | Loss 1.9903 | LR 2.18e-04 | Tokens/s  214,858 | Total 18.20B tokens
Step 17,380 | Loss 1.9125 | LR 2.18e-04 | Tokens/s  213,541 | Total 18.22B tokens
Step 17,400 | Loss 1.8905 | LR 2.18e-04 | Tokens/s  214,069 | Total 18.25B tokens
Step 17,420 | Loss 1.9080 | LR 2.17e-04 | Tokens/s  215,037 | Total 18.27B tokens
Step 17,440 | Loss 2.0707 | LR 2.17e-04 | Tokens/s  214,309 | Total 18.29B tokens
Step 17,460 | Loss 1.9512 | LR 2.17e-04 | Tokens/s  214,742 | Total 18.31B tokens
Step 17,480 | Loss 1.9491 | LR 2.17e-04 | Tokens/s  214,541 | Total 18.33B tokens
Step 17,500 | Loss 1.9565 | LR 2.17e-04 | Tokens/s  214,646 | Total 18.35B tokens
Step 17,520 | Loss 1.9251 | LR 2.16e-04 | Tokens/s  213,720 | Total 18.37B tokens
Step 17,540 | Loss 1.9032 | LR 2.16e-04 | Tokens/s  215,019 | Total 18.39B tokens
Step 17,560 | Loss 2.0666 | LR 2.16e-04 | Tokens/s  214,228 | Total 18.41B tokens
Step 17,580 | Loss 2.0847 | LR 2.16e-04 | Tokens/s  214,616 | Total 18.43B tokens
Step 17,600 | Loss 2.0388 | LR 2.16e-04 | Tokens/s  214,523 | Total 18.45B tokens
Step 17,620 | Loss 2.0891 | LR 2.16e-04 | Tokens/s  214,367 | Total 18.48B tokens
Step 17,640 | Loss 2.0254 | LR 2.15e-04 | Tokens/s  214,630 | Total 18.50B tokens
Step 17,660 | Loss 1.9933 | LR 2.15e-04 | Tokens/s  214,944 | Total 18.52B tokens
Step 17,680 | Loss 2.1015 | LR 2.15e-04 | Tokens/s  214,212 | Total 18.54B tokens
Step 17,700 | Loss 2.0731 | LR 2.15e-04 | Tokens/s  214,836 | Total 18.56B tokens
Step 17,720 | Loss 1.9942 | LR 2.15e-04 | Tokens/s  214,321 | Total 18.58B tokens
Step 17,740 | Loss 1.8606 | LR 2.15e-04 | Tokens/s  214,103 | Total 18.60B tokens
Step 17,760 | Loss 2.0564 | LR 2.14e-04 | Tokens/s  213,825 | Total 18.62B tokens
Step 17,780 | Loss 2.0402 | LR 2.14e-04 | Tokens/s  214,236 | Total 18.64B tokens
Step 17,800 | Loss 2.0762 | LR 2.14e-04 | Tokens/s  214,780 | Total 18.66B tokens
Step 17,820 | Loss 1.9566 | LR 2.14e-04 | Tokens/s  214,737 | Total 18.69B tokens
Step 17,840 | Loss 1.9558 | LR 2.14e-04 | Tokens/s  213,490 | Total 18.71B tokens
Step 17,860 | Loss 1.9823 | LR 2.13e-04 | Tokens/s  213,498 | Total 18.73B tokens
Step 17,880 | Loss 1.9572 | LR 2.13e-04 | Tokens/s  214,240 | Total 18.75B tokens
Step 17,900 | Loss 1.9424 | LR 2.13e-04 | Tokens/s  214,064 | Total 18.77B tokens
Step 17,920 | Loss 2.0137 | LR 2.13e-04 | Tokens/s  213,361 | Total 18.79B tokens
Step 17,940 | Loss 2.0392 | LR 2.13e-04 | Tokens/s  214,423 | Total 18.81B tokens
Step 17,960 | Loss 2.0381 | LR 2.13e-04 | Tokens/s  214,493 | Total 18.83B tokens
Step 17,980 | Loss 1.9569 | LR 2.12e-04 | Tokens/s  213,487 | Total 18.85B tokens
Step 18,000 | Loss 1.8633 | LR 2.12e-04 | Tokens/s  214,417 | Total 18.87B tokens
  Validation: Loss 2.0338 | PPL 7.64
  --- samples @ step 18,000 ---
    'Once upon a time' ->  I was working in a manufacturing shop in India. I was one of the top 300 employees in the company. My managers would always say, “Look at your payroll, we’re n
    'The meaning of life is' ->  to learn and grow.\n    • The meaning of life is to enjoy and be thankful.\n    • The meaning of life is to discover the meaning of life and to find a way to l
    'In Python, you can' ->  use a list to store a large number of elements. You can also use a tuple to store an array.\n\nWe can create a list of numbers using the `list()` function:\n\n
    'The theory of relativity states that' ->  the laws of physics are invariant but the laws of art are not. 3. The Law of Relativity states that the laws of physics are invariant but the laws of art are n
    'def fibonacci(n):' -> \n                if n < 1:\n                    return n\n                return fibonacci(n-1)+fibonacci(n-2)\n\ndef main():\n    input_file = sys.argv[1]\n\n
  Checkpoint saved: step_18000.pt
Step 18,020 | Loss 1.9623 | LR 2.12e-04 | Tokens/s  177,236 | Total 18.90B tokens
Step 18,040 | Loss 1.9348 | LR 2.12e-04 | Tokens/s  214,944 | Total 18.92B tokens
Step 18,060 | Loss 1.9729 | LR 2.12e-04 | Tokens/s  213,395 | Total 18.94B tokens
Step 18,080 | Loss 2.0561 | LR 2.11e-04 | Tokens/s  214,145 | Total 18.96B tokens
Step 18,100 | Loss 1.9901 | LR 2.11e-04 | Tokens/s  214,939 | Total 18.98B tokens
Step 18,120 | Loss 1.9885 | LR 2.11e-04 | Tokens/s  214,126 | Total 19.00B tokens
Step 18,140 | Loss 2.0086 | LR 2.11e-04 | Tokens/s  215,231 | Total 19.02B tokens
Step 18,160 | Loss 1.9517 | LR 2.11e-04 | Tokens/s  214,980 | Total 19.04B tokens
Step 18,180 | Loss 2.0134 | LR 2.11e-04 | Tokens/s  215,218 | Total 19.06B tokens
Step 18,200 | Loss 2.0654 | LR 2.10e-04 | Tokens/s  213,732 | Total 19.08B tokens
Step 18,220 | Loss 1.9201 | LR 2.10e-04 | Tokens/s  215,257 | Total 19.11B tokens
Step 18,240 | Loss 1.9882 | LR 2.10e-04 | Tokens/s  214,602 | Total 19.13B tokens
Step 18,260 | Loss 2.0171 | LR 2.10e-04 | Tokens/s  213,580 | Total 19.15B tokens
Step 18,280 | Loss 2.0677 | LR 2.10e-04 | Tokens/s  213,940 | Total 19.17B tokens
Step 18,300 | Loss 1.8848 | LR 2.09e-04 | Tokens/s  214,154 | Total 19.19B tokens
Step 18,320 | Loss 2.0259 | LR 2.09e-04 | Tokens/s  215,186 | Total 19.21B tokens
Step 18,340 | Loss 1.9628 | LR 2.09e-04 | Tokens/s  215,104 | Total 19.23B tokens
Step 18,360 | Loss 1.9608 | LR 2.09e-04 | Tokens/s  214,481 | Total 19.25B tokens
Step 18,380 | Loss 2.0173 | LR 2.09e-04 | Tokens/s  215,011 | Total 19.27B tokens
Step 18,400 | Loss 2.0077 | LR 2.09e-04 | Tokens/s  214,145 | Total 19.29B tokens
Step 18,420 | Loss 1.9926 | LR 2.08e-04 | Tokens/s  214,563 | Total 19.31B tokens
Step 18,440 | Loss 2.0624 | LR 2.08e-04 | Tokens/s  214,513 | Total 19.34B tokens
Step 18,460 | Loss 2.0627 | LR 2.08e-04 | Tokens/s  214,703 | Total 19.36B tokens
Step 18,480 | Loss 1.9670 | LR 2.08e-04 | Tokens/s  215,083 | Total 19.38B tokens
Step 18,500 | Loss 2.0597 | LR 2.08e-04 | Tokens/s  214,710 | Total 19.40B tokens
Step 18,520 | Loss 1.8934 | LR 2.07e-04 | Tokens/s  213,734 | Total 19.42B tokens
Step 18,540 | Loss 1.9931 | LR 2.07e-04 | Tokens/s  213,422 | Total 19.44B tokens
Step 18,560 | Loss 2.1160 | LR 2.07e-04 | Tokens/s  214,430 | Total 19.46B tokens
Step 18,580 | Loss 1.9417 | LR 2.07e-04 | Tokens/s  214,001 | Total 19.48B tokens
Step 18,600 | Loss 1.9756 | LR 2.07e-04 | Tokens/s  213,518 | Total 19.50B tokens
Step 18,620 | Loss 2.0789 | LR 2.07e-04 | Tokens/s  214,389 | Total 19.52B tokens
Step 18,640 | Loss 1.9154 | LR 2.06e-04 | Tokens/s  214,009 | Total 19.55B tokens
Step 18,660 | Loss 2.0797 | LR 2.06e-04 | Tokens/s  213,954 | Total 19.57B tokens
Step 18,680 | Loss 2.0553 | LR 2.06e-04 | Tokens/s  214,880 | Total 19.59B tokens
Step 18,700 | Loss 2.0175 | LR 2.06e-04 | Tokens/s  215,210 | Total 19.61B tokens
Step 18,720 | Loss 1.9395 | LR 2.06e-04 | Tokens/s  214,747 | Total 19.63B tokens
Step 18,740 | Loss 2.0155 | LR 2.05e-04 | Tokens/s  214,689 | Total 19.65B tokens
Step 18,760 | Loss 2.0152 | LR 2.05e-04 | Tokens/s  214,416 | Total 19.67B tokens
Step 18,780 | Loss 1.8814 | LR 2.05e-04 | Tokens/s  214,813 | Total 19.69B tokens
Step 18,800 | Loss 2.0756 | LR 2.05e-04 | Tokens/s  215,153 | Total 19.71B tokens
Step 18,820 | Loss 2.0437 | LR 2.05e-04 | Tokens/s  213,673 | Total 19.73B tokens
Step 18,840 | Loss 1.9299 | LR 2.05e-04 | Tokens/s  214,569 | Total 19.76B tokens
Step 18,860 | Loss 1.9689 | LR 2.04e-04 | Tokens/s  214,520 | Total 19.78B tokens
Step 18,880 | Loss 2.1387 | LR 2.04e-04 | Tokens/s  212,369 | Total 19.80B tokens
Step 18,900 | Loss 2.0112 | LR 2.04e-04 | Tokens/s  214,396 | Total 19.82B tokens
Step 18,920 | Loss 1.9719 | LR 2.04e-04 | Tokens/s  214,697 | Total 19.84B tokens
Step 18,940 | Loss 2.0164 | LR 2.04e-04 | Tokens/s  214,770 | Total 19.86B tokens
Step 18,960 | Loss 1.8947 | LR 2.03e-04 | Tokens/s  213,988 | Total 19.88B tokens
Step 18,980 | Loss 1.9202 | LR 2.03e-04 | Tokens/s  214,824 | Total 19.90B tokens
Step 19,000 | Loss 1.9997 | LR 2.03e-04 | Tokens/s  215,330 | Total 19.92B tokens
  Validation: Loss 2.0202 | PPL 7.54
  --- samples @ step 19,000 ---
    'Once upon a time' -> , there was a curious little girl named Lily. She loved listening to stories about different cultures and wanted to learn more about her own family heritage. On
    'The meaning of life is' ->  human.\nAs humans we are made in the image of the divine. We are the spiritual children of God. We are not separate from God, and we are not separate from the 
    'In Python, you can' ->  use the `argparse` library to create a parser for your command-line arguments. This library will help you add things like delimiters to your messages, and erro
    'The theory of relativity states that' ->  space and time are separate entities, as seen from a moving frame of reference.\n\nFurthermore, every point in space is equivalent to an "event horizon" that s
    'def fibonacci(n):' ->  return n if n%2 == 0 else fibonacci(n-1) + fibonacci(n-2)\n[37628106, 55465156, 116421435, 3451
  Checkpoint saved: step_19000.pt
Step 19,020 | Loss 1.8547 | LR 2.03e-04 | Tokens/s  169,275 | Total 19.94B tokens
Step 19,040 | Loss 1.9878 | LR 2.03e-04 | Tokens/s  215,272 | Total 19.96B tokens
Step 19,060 | Loss 2.0566 | LR 2.02e-04 | Tokens/s  214,335 | Total 19.99B tokens
Step 19,080 | Loss 2.0316 | LR 2.02e-04 | Tokens/s  214,584 | Total 20.01B tokens
Step 19,100 | Loss 1.8984 | LR 2.02e-04 | Tokens/s  213,653 | Total 20.03B tokens
Step 19,120 | Loss 1.9665 | LR 2.02e-04 | Tokens/s  213,811 | Total 20.05B tokens
Step 19,140 | Loss 2.0289 | LR 2.02e-04 | Tokens/s  214,561 | Total 20.07B tokens
Step 19,160 | Loss 2.0527 | LR 2.02e-04 | Tokens/s  213,699 | Total 20.09B tokens
Step 19,180 | Loss 2.0347 | LR 2.01e-04 | Tokens/s  214,564 | Total 20.11B tokens
Step 19,200 | Loss 2.0255 | LR 2.01e-04 | Tokens/s  212,862 | Total 20.13B tokens
Step 19,220 | Loss 1.9468 | LR 2.01e-04 | Tokens/s  213,404 | Total 20.15B tokens
Step 19,240 | Loss 1.9896 | LR 2.01e-04 | Tokens/s  214,466 | Total 20.17B tokens
Step 19,260 | Loss 1.8652 | LR 2.01e-04 | Tokens/s  213,798 | Total 20.20B tokens
Step 19,280 | Loss 2.0597 | LR 2.00e-04 | Tokens/s  213,529 | Total 20.22B tokens
Step 19,300 | Loss 1.8899 | LR 2.00e-04 | Tokens/s  214,401 | Total 20.24B tokens
Step 19,320 | Loss 2.0016 | LR 2.00e-04 | Tokens/s  213,946 | Total 20.26B tokens
Step 19,340 | Loss 1.9605 | LR 2.00e-04 | Tokens/s  214,100 | Total 20.28B tokens
Step 19,360 | Loss 2.1053 | LR 2.00e-04 | Tokens/s  215,271 | Total 20.30B tokens
Step 19,380 | Loss 2.0114 | LR 2.00e-04 | Tokens/s  215,291 | Total 20.32B tokens
Step 19,400 | Loss 1.9840 | LR 1.99e-04 | Tokens/s  214,760 | Total 20.34B tokens
Step 19,420 | Loss 1.9793 | LR 1.99e-04 | Tokens/s  213,896 | Total 20.36B tokens
Step 19,440 | Loss 2.0601 | LR 1.99e-04 | Tokens/s  214,437 | Total 20.38B tokens
Step 19,460 | Loss 2.0097 | LR 1.99e-04 | Tokens/s  214,072 | Total 20.41B tokens
Step 19,480 | Loss 1.8861 | LR 1.99e-04 | Tokens/s  214,672 | Total 20.43B tokens
Step 19,500 | Loss 2.0760 | LR 1.98e-04 | Tokens/s  214,305 | Total 20.45B tokens
Step 19,520 | Loss 2.0881 | LR 1.98e-04 | Tokens/s  214,960 | Total 20.47B tokens
Step 19,540 | Loss 1.9626 | LR 1.98e-04 | Tokens/s  214,966 | Total 20.49B tokens
Step 19,560 | Loss 2.0220 | LR 1.98e-04 | Tokens/s  213,582 | Total 20.51B tokens
Step 19,580 | Loss 2.0056 | LR 1.98e-04 | Tokens/s  214,684 | Total 20.53B tokens
Step 19,600 | Loss 1.9244 | LR 1.97e-04 | Tokens/s  214,481 | Total 20.55B tokens
Step 19,620 | Loss 1.9288 | LR 1.97e-04 | Tokens/s  214,269 | Total 20.57B tokens
Step 19,640 | Loss 1.9512 | LR 1.97e-04 | Tokens/s  214,302 | Total 20.59B tokens
Step 19,660 | Loss 1.9661 | LR 1.97e-04 | Tokens/s  214,497 | Total 20.62B tokens
Step 19,680 | Loss 2.0239 | LR 1.97e-04 | Tokens/s  215,319 | Total 20.64B tokens
Step 19,700 | Loss 1.9244 | LR 1.97e-04 | Tokens/s  215,361 | Total 20.66B tokens
Step 19,720 | Loss 2.1220 | LR 1.96e-04 | Tokens/s  215,284 | Total 20.68B tokens
Step 19,740 | Loss 2.1108 | LR 1.96e-04 | Tokens/s  214,462 | Total 20.70B tokens
Step 19,760 | Loss 1.8892 | LR 1.96e-04 | Tokens/s  215,061 | Total 20.72B tokens
Step 19,780 | Loss 1.9700 | LR 1.96e-04 | Tokens/s  214,510 | Total 20.74B tokens
Step 19,800 | Loss 1.9782 | LR 1.96e-04 | Tokens/s  213,458 | Total 20.76B tokens
Step 19,820 | Loss 1.9184 | LR 1.95e-04 | Tokens/s  215,101 | Total 20.78B tokens
Step 19,840 | Loss 1.8598 | LR 1.95e-04 | Tokens/s  214,613 | Total 20.80B tokens
Step 19,860 | Loss 2.0514 | LR 1.95e-04 | Tokens/s  215,161 | Total 20.82B tokens
Step 19,880 | Loss 1.9842 | LR 1.95e-04 | Tokens/s  214,256 | Total 20.85B tokens
Step 19,900 | Loss 1.8716 | LR 1.95e-04 | Tokens/s  214,677 | Total 20.87B tokens
Step 19,920 | Loss 2.0535 | LR 1.94e-04 | Tokens/s  215,314 | Total 20.89B tokens
Step 19,940 | Loss 1.8811 | LR 1.94e-04 | Tokens/s  215,115 | Total 20.91B tokens
Step 19,960 | Loss 1.8824 | LR 1.94e-04 | Tokens/s  214,085 | Total 20.93B tokens
Step 19,980 | Loss 1.9188 | LR 1.94e-04 | Tokens/s  215,287 | Total 20.95B tokens
Step 20,000 | Loss 2.0206 | LR 1.94e-04 | Tokens/s  215,333 | Total 20.97B tokens
  Validation: Loss 2.0154 | PPL 7.50
  --- samples @ step 20,000 ---
    'Once upon a time' -> , in a small village lived two best friends named Timmy and Sarah. They loved exploring the world around them and learning new things every day. One day, they d
    'The meaning of life is' ->  to be happy.  So, what can we do, to be really happy?  That is, how can we be happy all the time?  For example, when we’re in bed, how can we be happy all the 
    'In Python, you can' ->  use the `enumerate()` function to loop through an iterable (like a list, tuple, or set of strings) and have access to the elements in each iteration.\n\nFor ex
    'The theory of relativity states that' ->  light travels in the same direction in all frames of reference, independent of their relative motion.\n\n### Eckert–Mauchly notation\n\nThe Eckert–Mauchly nota
    'def fibonacci(n):' -> \n#     fib_x = [x for x in range(1, n+1)]\n#     fib_y = [y for y in range(1, n+1)]\n#     for i in range(1, n+1):\n#         fib_x.append(f
  Checkpoint saved: step_20000.pt
Step 20,020 | Loss 2.0783 | LR 1.94e-04 | Tokens/s  168,874 | Total 20.99B tokens
Step 20,040 | Loss 1.9326 | LR 1.93e-04 | Tokens/s  214,953 | Total 21.01B tokens
Step 20,060 | Loss 1.9007 | LR 1.93e-04 | Tokens/s  215,083 | Total 21.03B tokens
Step 20,080 | Loss 1.9131 | LR 1.93e-04 | Tokens/s  214,425 | Total 21.06B tokens
Step 20,100 | Loss 1.9957 | LR 1.93e-04 | Tokens/s  214,103 | Total 21.08B tokens
Step 20,120 | Loss 2.0171 | LR 1.93e-04 | Tokens/s  214,876 | Total 21.10B tokens
Step 20,140 | Loss 1.9654 | LR 1.92e-04 | Tokens/s  214,410 | Total 21.12B tokens
Step 20,160 | Loss 2.1195 | LR 1.92e-04 | Tokens/s  214,960 | Total 21.14B tokens
Step 20,180 | Loss 2.0067 | LR 1.92e-04 | Tokens/s  214,392 | Total 21.16B tokens
Step 20,200 | Loss 1.9033 | LR 1.92e-04 | Tokens/s  214,784 | Total 21.18B tokens
Step 20,220 | Loss 2.1073 | LR 1.92e-04 | Tokens/s  214,833 | Total 21.20B tokens
Step 20,240 | Loss 1.9622 | LR 1.91e-04 | Tokens/s  214,988 | Total 21.22B tokens
Step 20,260 | Loss 2.0297 | LR 1.91e-04 | Tokens/s  214,072 | Total 21.24B tokens
Step 20,280 | Loss 2.0327 | LR 1.91e-04 | Tokens/s  214,982 | Total 21.27B tokens
Step 20,300 | Loss 2.0629 | LR 1.91e-04 | Tokens/s  214,721 | Total 21.29B tokens
Step 20,320 | Loss 1.9332 | LR 1.91e-04 | Tokens/s  214,365 | Total 21.31B tokens
Step 20,340 | Loss 1.8364 | LR 1.90e-04 | Tokens/s  214,204 | Total 21.33B tokens
Step 20,360 | Loss 2.0162 | LR 1.90e-04 | Tokens/s  214,792 | Total 21.35B tokens
Step 20,380 | Loss 1.9280 | LR 1.90e-04 | Tokens/s  215,301 | Total 21.37B tokens
Step 20,400 | Loss 2.0536 | LR 1.90e-04 | Tokens/s  215,257 | Total 21.39B tokens
Step 20,420 | Loss 2.0047 | LR 1.90e-04 | Tokens/s  214,483 | Total 21.41B tokens
Step 20,440 | Loss 2.0701 | LR 1.90e-04 | Tokens/s  215,245 | Total 21.43B tokens
Step 20,460 | Loss 1.9960 | LR 1.89e-04 | Tokens/s  214,717 | Total 21.45B tokens
Step 20,480 | Loss 1.9195 | LR 1.89e-04 | Tokens/s  213,304 | Total 21.47B tokens
Step 20,500 | Loss 2.0376 | LR 1.89e-04 | Tokens/s  215,168 | Total 21.50B tokens
Step 20,520 | Loss 2.0444 | LR 1.89e-04 | Tokens/s  214,697 | Total 21.52B tokens
Step 20,540 | Loss 1.9855 | LR 1.89e-04 | Tokens/s  215,093 | Total 21.54B tokens
Step 20,560 | Loss 1.8695 | LR 1.88e-04 | Tokens/s  214,175 | Total 21.56B tokens
Step 20,580 | Loss 2.0321 | LR 1.88e-04 | Tokens/s  215,178 | Total 21.58B tokens
Step 20,600 | Loss 1.8177 | LR 1.88e-04 | Tokens/s  214,391 | Total 21.60B tokens
Step 20,620 | Loss 1.9557 | LR 1.88e-04 | Tokens/s  215,098 | Total 21.62B tokens
Step 20,640 | Loss 1.9193 | LR 1.88e-04 | Tokens/s  214,548 | Total 21.64B tokens
Step 20,660 | Loss 1.8482 | LR 1.87e-04 | Tokens/s  214,194 | Total 21.66B tokens
Step 20,680 | Loss 1.9206 | LR 1.87e-04 | Tokens/s  215,048 | Total 21.68B tokens
Step 20,700 | Loss 2.0417 | LR 1.87e-04 | Tokens/s  213,449 | Total 21.71B tokens
Step 20,720 | Loss 1.9617 | LR 1.87e-04 | Tokens/s  215,139 | Total 21.73B tokens
Step 20,740 | Loss 2.1054 | LR 1.87e-04 | Tokens/s  215,073 | Total 21.75B tokens
Step 20,760 | Loss 1.8390 | LR 1.87e-04 | Tokens/s  214,092 | Total 21.77B tokens
Step 20,780 | Loss 1.9025 | LR 1.86e-04 | Tokens/s  214,524 | Total 21.79B tokens
Step 20,800 | Loss 1.8873 | LR 1.86e-04 | Tokens/s  214,368 | Total 21.81B tokens
Step 20,820 | Loss 2.0000 | LR 1.86e-04 | Tokens/s  214,454 | Total 21.83B tokens
Step 20,840 | Loss 1.9639 | LR 1.86e-04 | Tokens/s  215,200 | Total 21.85B tokens
Step 20,860 | Loss 1.9951 | LR 1.86e-04 | Tokens/s  214,301 | Total 21.87B tokens
Step 20,880 | Loss 2.0956 | LR 1.85e-04 | Tokens/s  215,195 | Total 21.89B tokens
Step 20,900 | Loss 1.8961 | LR 1.85e-04 | Tokens/s  215,165 | Total 21.92B tokens
Step 20,920 | Loss 2.0088 | LR 1.85e-04 | Tokens/s  214,971 | Total 21.94B tokens
Step 20,940 | Loss 1.8600 | LR 1.85e-04 | Tokens/s  213,931 | Total 21.96B tokens
Step 20,960 | Loss 1.9989 | LR 1.85e-04 | Tokens/s  214,999 | Total 21.98B tokens
Step 20,980 | Loss 1.9686 | LR 1.84e-04 | Tokens/s  214,494 | Total 22.00B tokens
Step 21,000 | Loss 1.8502 | LR 1.84e-04 | Tokens/s  214,234 | Total 22.02B tokens
  Validation: Loss 2.0335 | PPL 7.64
  --- samples @ step 21,000 ---
    'Once upon a time' ->  in the land of Cappucino Kokoro, there were two best friends named Timmy and Tammy. They loved exploring their beautiful town filled with delicious food and co
    'The meaning of life is' ->  the most important thing that you should do. But the main cause that the true meaning of life and the purpose of life, is to serve God. God created a lot of pr
    'In Python, you can' ->  use the range function to generate a list of numbers that is a perfect square. Here, the square of the input value (25) is stored. The square of number is deno
    'The theory of relativity states that' ->  the laws of physics are the same for all observers in the same inertial frame of reference. For example, imagine a rocket launching a satellite. The rocket is 
    'def fibonacci(n):' -> \n\n    s = 0\n    for i in range(n):\n        s = s + fib(i)\n\n    return s\n\ndef fibonacci(n):\n    a = 0\n    b = 1\n    for i in range(n):\n        a
  Checkpoint saved: step_21000.pt
Step 21,020 | Loss 1.9158 | LR 1.84e-04 | Tokens/s  170,826 | Total 22.04B tokens
Step 21,040 | Loss 2.0340 | LR 1.84e-04 | Tokens/s  214,350 | Total 22.06B tokens
Step 21,060 | Loss 1.9730 | LR 1.84e-04 | Tokens/s  214,931 | Total 22.08B tokens
Step 21,080 | Loss 2.0021 | LR 1.83e-04 | Tokens/s  214,993 | Total 22.10B tokens
Step 21,100 | Loss 1.8991 | LR 1.83e-04 | Tokens/s  214,227 | Total 22.12B tokens
Step 21,120 | Loss 2.0231 | LR 1.83e-04 | Tokens/s  214,891 | Total 22.15B tokens
Step 21,140 | Loss 1.9240 | LR 1.83e-04 | Tokens/s  215,064 | Total 22.17B tokens
Step 21,160 | Loss 1.8899 | LR 1.83e-04 | Tokens/s  213,004 | Total 22.19B tokens
Step 21,180 | Loss 1.9555 | LR 1.83e-04 | Tokens/s  215,077 | Total 22.21B tokens
Step 21,200 | Loss 1.9353 | LR 1.82e-04 | Tokens/s  215,053 | Total 22.23B tokens
Step 21,220 | Loss 1.9306 | LR 1.82e-04 | Tokens/s  214,760 | Total 22.25B tokens
Step 21,240 | Loss 1.9249 | LR 1.82e-04 | Tokens/s  214,082 | Total 22.27B tokens
Step 21,260 | Loss 2.0493 | LR 1.82e-04 | Tokens/s  215,001 | Total 22.29B tokens
Step 21,280 | Loss 2.0463 | LR 1.82e-04 | Tokens/s  214,407 | Total 22.31B tokens
Step 21,300 | Loss 1.9491 | LR 1.81e-04 | Tokens/s  215,205 | Total 22.33B tokens
Step 21,320 | Loss 1.9517 | LR 1.81e-04 | Tokens/s  214,879 | Total 22.36B tokens
Step 21,340 | Loss 1.9679 | LR 1.81e-04 | Tokens/s  214,349 | Total 22.38B tokens
Step 21,360 | Loss 2.0747 | LR 1.81e-04 | Tokens/s  215,175 | Total 22.40B tokens
Step 21,380 | Loss 1.8773 | LR 1.81e-04 | Tokens/s  214,773 | Total 22.42B tokens
Step 21,400 | Loss 1.9168 | LR 1.80e-04 | Tokens/s  214,122 | Total 22.44B tokens
Step 21,420 | Loss 2.0363 | LR 1.80e-04 | Tokens/s  215,190 | Total 22.46B tokens
Step 21,440 | Loss 2.0411 | LR 1.80e-04 | Tokens/s  214,465 | Total 22.48B tokens
Step 21,460 | Loss 1.9677 | LR 1.80e-04 | Tokens/s  215,155 | Total 22.50B tokens
Step 21,480 | Loss 1.9315 | LR 1.80e-04 | Tokens/s  214,171 | Total 22.52B tokens
Step 21,500 | Loss 1.9893 | LR 1.79e-04 | Tokens/s  213,979 | Total 22.54B tokens
Step 21,520 | Loss 1.9405 | LR 1.79e-04 | Tokens/s  215,009 | Total 22.57B tokens
Step 21,540 | Loss 1.8852 | LR 1.79e-04 | Tokens/s  215,033 | Total 22.59B tokens
Step 21,560 | Loss 2.0752 | LR 1.79e-04 | Tokens/s  214,586 | Total 22.61B tokens
Step 21,580 | Loss 2.0586 | LR 1.79e-04 | Tokens/s  215,118 | Total 22.63B tokens
Step 21,600 | Loss 2.0209 | LR 1.78e-04 | Tokens/s  215,060 | Total 22.65B tokens
Step 21,620 | Loss 1.8143 | LR 1.78e-04 | Tokens/s  213,813 | Total 22.67B tokens
Step 21,640 | Loss 1.8503 | LR 1.78e-04 | Tokens/s  215,196 | Total 22.69B tokens
Step 21,660 | Loss 2.0024 | LR 1.78e-04 | Tokens/s  214,598 | Total 22.71B tokens
Step 21,680 | Loss 1.9918 | LR 1.78e-04 | Tokens/s  214,411 | Total 22.73B tokens
Step 21,700 | Loss 1.9069 | LR 1.78e-04 | Tokens/s  214,133 | Total 22.75B tokens
Step 21,720 | Loss 1.8350 | LR 1.77e-04 | Tokens/s  214,504 | Total 22.78B tokens
Step 21,740 | Loss 1.9387 | LR 1.77e-04 | Tokens/s  215,188 | Total 22.80B tokens
Step 21,760 | Loss 1.9744 | LR 1.77e-04 | Tokens/s  215,167 | Total 22.82B tokens
Step 21,780 | Loss 2.0323 | LR 1.77e-04 | Tokens/s  214,869 | Total 22.84B tokens
Step 21,800 | Loss 1.9347 | LR 1.77e-04 | Tokens/s  214,486 | Total 22.86B tokens
Step 21,820 | Loss 1.9969 | LR 1.76e-04 | Tokens/s  215,045 | Total 22.88B tokens
Step 21,840 | Loss 1.9480 | LR 1.76e-04 | Tokens/s  213,087 | Total 22.90B tokens
Step 21,860 | Loss 1.9163 | LR 1.76e-04 | Tokens/s  214,572 | Total 22.92B tokens
Step 21,880 | Loss 1.8800 | LR 1.76e-04 | Tokens/s  215,081 | Total 22.94B tokens
Step 21,900 | Loss 1.9677 | LR 1.76e-04 | Tokens/s  214,854 | Total 22.96B tokens
Step 21,920 | Loss 1.9408 | LR 1.75e-04 | Tokens/s  214,277 | Total 22.98B tokens
Step 21,940 | Loss 1.8716 | LR 1.75e-04 | Tokens/s  215,247 | Total 23.01B tokens
Step 21,960 | Loss 2.0571 | LR 1.75e-04 | Tokens/s  214,845 | Total 23.03B tokens
Step 21,980 | Loss 1.9882 | LR 1.75e-04 | Tokens/s  215,167 | Total 23.05B tokens
Step 22,000 | Loss 2.0333 | LR 1.75e-04 | Tokens/s  214,690 | Total 23.07B tokens
  Validation: Loss 2.1042 | PPL 8.20
  --- samples @ step 22,000 ---
    'Once upon a time' -> , in a land far, far away called China, there was a beautiful creature called a dragon. Dragons were big and strong, with big eyes and huge paws! But no matter 
    'The meaning of life is' ->  that we are created in the image of God. We are created to be free. We are created to be free in God’s name – the best of all possible worlds, with the sole an
    'In Python, you can' ->  use the built-in functions f[n] and f[n][n] to find the nth term of a sequence. To use, use the f[n] function and pass in n as an argument. Note that this is a
    'The theory of relativity states that' ->  the speed of light is constant in all inertial frames. It is not a physical constant. It is a constant for all inertial frames. So yes, you can say that Einste
    'def fibonacci(n):' -> \n\n    for i in range(0, n - 1):\n        yield i\n\n\n\n\nif __name__ == "__main__":\n\n    FIBONACCI_INPUT = (2, 4, 10)  # Fibonacci numbers\n    F
  Checkpoint saved: step_22000.pt
Step 22,020 | Loss 2.0444 | LR 1.74e-04 | Tokens/s  169,538 | Total 23.09B tokens
Step 22,040 | Loss 1.8068 | LR 1.74e-04 | Tokens/s  214,992 | Total 23.11B tokens
Step 22,060 | Loss 1.9265 | LR 1.74e-04 | Tokens/s  214,429 | Total 23.13B tokens
Step 22,080 | Loss 1.9911 | LR 1.74e-04 | Tokens/s  214,080 | Total 23.15B tokens
Step 22,100 | Loss 1.9951 | LR 1.74e-04 | Tokens/s  215,079 | Total 23.17B tokens
Step 22,120 | Loss 1.8792 | LR 1.73e-04 | Tokens/s  215,013 | Total 23.19B tokens
Step 22,140 | Loss 1.8004 | LR 1.73e-04 | Tokens/s  214,598 | Total 23.22B tokens
Step 22,160 | Loss 1.9014 | LR 1.73e-04 | Tokens/s  214,013 | Total 23.24B tokens
Step 22,180 | Loss 2.1014 | LR 1.73e-04 | Tokens/s  214,395 | Total 23.26B tokens
Step 22,200 | Loss 1.8056 | LR 1.73e-04 | Tokens/s  214,498 | Total 23.28B tokens
Step 22,220 | Loss 1.9050 | LR 1.73e-04 | Tokens/s  215,016 | Total 23.30B tokens
Step 22,240 | Loss 2.0179 | LR 1.72e-04 | Tokens/s  214,433 | Total 23.32B tokens
Step 22,260 | Loss 1.9609 | LR 1.72e-04 | Tokens/s  215,001 | Total 23.34B tokens
Step 22,280 | Loss 1.9819 | LR 1.72e-04 | Tokens/s  215,009 | Total 23.36B tokens
Step 22,300 | Loss 1.9443 | LR 1.72e-04 | Tokens/s  213,534 | Total 23.38B tokens
Step 22,320 | Loss 2.0998 | LR 1.72e-04 | Tokens/s  215,043 | Total 23.40B tokens
Step 22,340 | Loss 1.8736 | LR 1.71e-04 | Tokens/s  214,677 | Total 23.43B tokens
Step 22,360 | Loss 1.9373 | LR 1.71e-04 | Tokens/s  213,995 | Total 23.45B tokens
Step 22,380 | Loss 2.0187 | LR 1.71e-04 | Tokens/s  213,849 | Total 23.47B tokens
Step 22,400 | Loss 1.9500 | LR 1.71e-04 | Tokens/s  214,928 | Total 23.49B tokens
Step 22,420 | Loss 1.9678 | LR 1.71e-04 | Tokens/s  214,260 | Total 23.51B tokens
Step 22,440 | Loss 1.9303 | LR 1.70e-04 | Tokens/s  214,767 | Total 23.53B tokens
Step 22,460 | Loss 1.8621 | LR 1.70e-04 | Tokens/s  214,956 | Total 23.55B tokens
Step 22,480 | Loss 1.9496 | LR 1.70e-04 | Tokens/s  214,594 | Total 23.57B tokens
Step 22,500 | Loss 1.9274 | LR 1.70e-04 | Tokens/s  214,964 | Total 23.59B tokens
Step 22,520 | Loss 2.0058 | LR 1.70e-04 | Tokens/s  213,496 | Total 23.61B tokens
Step 22,540 | Loss 1.8611 | LR 1.69e-04 | Tokens/s  214,505 | Total 23.63B tokens
Step 22,560 | Loss 2.0462 | LR 1.69e-04 | Tokens/s  215,106 | Total 23.66B tokens
Step 22,580 | Loss 1.8976 | LR 1.69e-04 | Tokens/s  214,093 | Total 23.68B tokens
Step 22,600 | Loss 1.9964 | LR 1.69e-04 | Tokens/s  213,643 | Total 23.70B tokens
Step 22,620 | Loss 1.9757 | LR 1.69e-04 | Tokens/s  214,675 | Total 23.72B tokens
Step 22,640 | Loss 1.8942 | LR 1.68e-04 | Tokens/s  213,935 | Total 23.74B tokens
Step 22,660 | Loss 1.8526 | LR 1.68e-04 | Tokens/s  214,640 | Total 23.76B tokens
Step 22,680 | Loss 1.9039 | LR 1.68e-04 | Tokens/s  214,617 | Total 23.78B tokens
Step 22,700 | Loss 2.0079 | LR 1.68e-04 | Tokens/s  213,401 | Total 23.80B tokens
Step 22,720 | Loss 1.9986 | LR 1.68e-04 | Tokens/s  214,723 | Total 23.82B tokens
Step 22,740 | Loss 1.9789 | LR 1.68e-04 | Tokens/s  214,728 | Total 23.84B tokens
Step 22,760 | Loss 1.9142 | LR 1.67e-04 | Tokens/s  214,016 | Total 23.87B tokens
Step 22,780 | Loss 1.9066 | LR 1.67e-04 | Tokens/s  214,794 | Total 23.89B tokens
Step 22,800 | Loss 1.9559 | LR 1.67e-04 | Tokens/s  214,968 | Total 23.91B tokens
Step 22,820 | Loss 1.8519 | LR 1.67e-04 | Tokens/s  214,645 | Total 23.93B tokens
Step 22,840 | Loss 1.9713 | LR 1.67e-04 | Tokens/s  214,347 | Total 23.95B tokens
Step 22,860 | Loss 1.9415 | LR 1.66e-04 | Tokens/s  214,352 | Total 23.97B tokens
Step 22,880 | Loss 2.0625 | LR 1.66e-04 | Tokens/s  213,925 | Total 23.99B tokens
Step 22,900 | Loss 2.0112 | LR 1.66e-04 | Tokens/s  214,593 | Total 24.01B tokens
Step 22,920 | Loss 2.0616 | LR 1.66e-04 | Tokens/s  214,010 | Total 24.03B tokens
Step 22,940 | Loss 1.9996 | LR 1.66e-04 | Tokens/s  214,763 | Total 24.05B tokens
Step 22,960 | Loss 1.9458 | LR 1.65e-04 | Tokens/s  214,675 | Total 24.08B tokens
Step 22,980 | Loss 1.9644 | LR 1.65e-04 | Tokens/s  213,011 | Total 24.10B tokens
Step 23,000 | Loss 1.9476 | LR 1.65e-04 | Tokens/s  214,674 | Total 24.12B tokens
  Validation: Loss 1.8462 | PPL 6.34
  --- samples @ step 23,000 ---
    'Once upon a time' -> , in a small town named Artville, lived two best friends - Benny the Brainy Bunny and Daisy the Curious Dinosaur. They loved exploring their surroundings, learn
    'The meaning of life is' ->  the same for all of us and is not dependent on our individual personalities, abilities, and talents. In fact, the only way to truly understand and appreciate l
    'In Python, you can' ->  use the following syntax: 0 | 1 | 2 | 3 | 4 | 5 | 6 ... In Java, you use the syntax: int a = 0;int b = 1;int c = 2;int d = 3; 0 | 1 |
    'The theory of relativity states that' ->  space and time are interrelated by a Lorentz transformation, i.e. that the laws of physics are the same in all inertial frames. The Lorentz transformation is g
    'def fibonacci(n):' -> \n  if n <= 1:\n    return n\n  else:\n    return fibonacci(n-1) + fibonacci(n-2)\n\n# def main():\n#   print "Hello".lower()\n#   print "World".lower()\n#   pr
  New best model saved (val_loss=1.8462)
  Checkpoint saved: step_23000.pt
Step 23,020 | Loss 1.9611 | LR 1.65e-04 | Tokens/s  148,166 | Total 24.14B tokens
Step 23,040 | Loss 1.9689 | LR 1.65e-04 | Tokens/s  213,527 | Total 24.16B tokens
Step 23,060 | Loss 2.1329 | LR 1.64e-04 | Tokens/s  214,702 | Total 24.18B tokens
Step 23,080 | Loss 2.0794 | LR 1.64e-04 | Tokens/s  214,581 | Total 24.20B tokens
Step 23,100 | Loss 2.0085 | LR 1.64e-04 | Tokens/s  213,418 | Total 24.22B tokens
Step 23,120 | Loss 1.9174 | LR 1.64e-04 | Tokens/s  214,607 | Total 24.24B tokens
Step 23,140 | Loss 1.9336 | LR 1.64e-04 | Tokens/s  214,562 | Total 24.26B tokens
Step 23,160 | Loss 1.9666 | LR 1.63e-04 | Tokens/s  213,856 | Total 24.29B tokens
Step 23,180 | Loss 2.0255 | LR 1.63e-04 | Tokens/s  214,067 | Total 24.31B tokens
Step 23,200 | Loss 1.9667 | LR 1.63e-04 | Tokens/s  213,989 | Total 24.33B tokens
Step 23,220 | Loss 1.9791 | LR 1.63e-04 | Tokens/s  213,945 | Total 24.35B tokens
Step 23,240 | Loss 1.9992 | LR 1.63e-04 | Tokens/s  214,669 | Total 24.37B tokens
Step 23,260 | Loss 1.9916 | LR 1.63e-04 | Tokens/s  213,912 | Total 24.39B tokens
Step 23,280 | Loss 1.8537 | LR 1.62e-04 | Tokens/s  214,782 | Total 24.41B tokens
Step 23,300 | Loss 2.0124 | LR 1.62e-04 | Tokens/s  214,698 | Total 24.43B tokens
Step 23,320 | Loss 1.9278 | LR 1.62e-04 | Tokens/s  214,774 | Total 24.45B tokens
Step 23,340 | Loss 1.9907 | LR 1.62e-04 | Tokens/s  213,577 | Total 24.47B tokens
Step 23,360 | Loss 1.9092 | LR 1.62e-04 | Tokens/s  214,778 | Total 24.49B tokens
Step 23,380 | Loss 1.9692 | LR 1.61e-04 | Tokens/s  214,373 | Total 24.52B tokens
Step 23,400 | Loss 1.8714 | LR 1.61e-04 | Tokens/s  213,940 | Total 24.54B tokens
Step 23,420 | Loss 2.0284 | LR 1.61e-04 | Tokens/s  214,260 | Total 24.56B tokens
Step 23,440 | Loss 2.0318 | LR 1.61e-04 | Tokens/s  214,161 | Total 24.58B tokens
Step 23,460 | Loss 1.9672 | LR 1.61e-04 | Tokens/s  214,793 | Total 24.60B tokens
Step 23,480 | Loss 1.9634 | LR 1.60e-04 | Tokens/s  214,759 | Total 24.62B tokens
Step 23,500 | Loss 1.9007 | LR 1.60e-04 | Tokens/s  214,084 | Total 24.64B tokens
Step 23,520 | Loss 2.0077 | LR 1.60e-04 | Tokens/s  214,720 | Total 24.66B tokens
Step 23,540 | Loss 1.9644 | LR 1.60e-04 | Tokens/s  214,752 | Total 24.68B tokens
Step 23,560 | Loss 1.9417 | LR 1.60e-04 | Tokens/s  212,930 | Total 24.70B tokens
Step 23,580 | Loss 1.9245 | LR 1.59e-04 | Tokens/s  214,685 | Total 24.73B tokens
Step 23,600 | Loss 1.9121 | LR 1.59e-04 | Tokens/s  214,667 | Total 24.75B tokens
Step 23,620 | Loss 1.7625 | LR 1.59e-04 | Tokens/s  213,880 | Total 24.77B tokens
Step 23,640 | Loss 1.9719 | LR 1.59e-04 | Tokens/s  214,084 | Total 24.79B tokens
Step 23,660 | Loss 1.9957 | LR 1.59e-04 | Tokens/s  214,786 | Total 24.81B tokens
Step 23,680 | Loss 1.8189 | LR 1.58e-04 | Tokens/s  214,040 | Total 24.83B tokens
Step 23,700 | Loss 1.8864 | LR 1.58e-04 | Tokens/s  214,699 | Total 24.85B tokens
Step 23,720 | Loss 1.9612 | LR 1.58e-04 | Tokens/s  213,960 | Total 24.87B tokens
Step 23,740 | Loss 2.0809 | LR 1.58e-04 | Tokens/s  213,918 | Total 24.89B tokens
Step 23,760 | Loss 2.0520 | LR 1.58e-04 | Tokens/s  214,752 | Total 24.91B tokens
Step 23,780 | Loss 1.9729 | LR 1.57e-04 | Tokens/s  213,560 | Total 24.94B tokens
Step 23,800 | Loss 1.9634 | LR 1.57e-04 | Tokens/s  214,749 | Total 24.96B tokens
Step 23,820 | Loss 2.0382 | LR 1.57e-04 | Tokens/s  214,675 | Total 24.98B tokens
Step 23,840 | Loss 1.9576 | LR 1.57e-04 | Tokens/s  214,015 | Total 25.00B tokens
Step 23,860 | Loss 1.9982 | LR 1.57e-04 | Tokens/s  214,145 | Total 25.02B tokens
Step 23,880 | Loss 1.9366 | LR 1.57e-04 | Tokens/s  214,736 | Total 25.04B tokens
Step 23,900 | Loss 1.9226 | LR 1.56e-04 | Tokens/s  213,440 | Total 25.06B tokens
Step 23,920 | Loss 2.0358 | LR 1.56e-04 | Tokens/s  214,575 | Total 25.08B tokens
Step 23,940 | Loss 2.0067 | LR 1.56e-04 | Tokens/s  214,530 | Total 25.10B tokens
Step 23,960 | Loss 1.9831 | LR 1.56e-04 | Tokens/s  214,188 | Total 25.12B tokens
Step 23,980 | Loss 1.9611 | LR 1.56e-04 | Tokens/s  214,912 | Total 25.14B tokens
Step 24,000 | Loss 1.9610 | LR 1.55e-04 | Tokens/s  214,978 | Total 25.17B tokens
  Validation: Loss 1.9952 | PPL 7.35
  --- samples @ step 24,000 ---
    'Once upon a time' -> , there was a friendly artist named Alex who loved colors. One day, Alex got into an argument with a big client over a confusing design. Alex thought this was a
    'The meaning of life is' ->  to live life as a free spirit, which is what God wants for us. And since free spirits are created only by God, we have no choice but to act according to God’s 
    'In Python, you can' ->  use a lambda expression to create a function.\n\nHere's an example:\n```python\nlambda x: 10 * x + 20\n```\nThis lambda function takes a single argument, `x`, 
    'The theory of relativity states that' ->  the speed of a moving object is not fixed but depends on its relative motion to other objects at the same time. The moving object is said to be in relative mot
    'def fibonacci(n):' ->   # def fibonacci(n) --> def fibonacci(n-1):  # def fibonacci(n-1) --> def fibonacci(n) -> int:  # def fibonacci(n) -> int:  # def fibonacci(n) -> int
  Checkpoint saved: step_24000.pt
Step 24,020 | Loss 1.9661 | LR 1.55e-04 | Tokens/s  174,847 | Total 25.19B tokens
Step 24,040 | Loss 1.9609 | LR 1.55e-04 | Tokens/s  214,526 | Total 25.21B tokens
Step 24,060 | Loss 1.9689 | LR 1.55e-04 | Tokens/s  213,621 | Total 25.23B tokens
Step 24,080 | Loss 2.0279 | LR 1.55e-04 | Tokens/s  213,753 | Total 25.25B tokens
Step 24,100 | Loss 1.8996 | LR 1.54e-04 | Tokens/s  213,705 | Total 25.27B tokens
Step 24,120 | Loss 1.9436 | LR 1.54e-04 | Tokens/s  213,545 | Total 25.29B tokens
Step 24,140 | Loss 1.9875 | LR 1.54e-04 | Tokens/s  214,341 | Total 25.31B tokens
Step 24,160 | Loss 1.9169 | LR 1.54e-04 | Tokens/s  214,384 | Total 25.33B tokens
Step 24,180 | Loss 1.9072 | LR 1.54e-04 | Tokens/s  213,696 | Total 25.35B tokens
Step 24,200 | Loss 1.8886 | LR 1.53e-04 | Tokens/s  214,383 | Total 25.38B tokens
Step 24,220 | Loss 1.9325 | LR 1.53e-04 | Tokens/s  214,384 | Total 25.40B tokens
Step 24,240 | Loss 1.9628 | LR 1.53e-04 | Tokens/s  212,389 | Total 25.42B tokens
Step 24,260 | Loss 1.9674 | LR 1.53e-04 | Tokens/s  214,417 | Total 25.44B tokens
Step 24,280 | Loss 1.8847 | LR 1.53e-04 | Tokens/s  214,363 | Total 25.46B tokens
Step 24,300 | Loss 1.9090 | LR 1.52e-04 | Tokens/s  213,743 | Total 25.48B tokens
Step 24,320 | Loss 1.9315 | LR 1.52e-04 | Tokens/s  213,815 | Total 25.50B tokens
Step 24,340 | Loss 1.9941 | LR 1.52e-04 | Tokens/s  214,381 | Total 25.52B tokens
Step 24,360 | Loss 2.0714 | LR 1.52e-04 | Tokens/s  213,696 | Total 25.54B tokens
Step 24,380 | Loss 1.9830 | LR 1.52e-04 | Tokens/s  214,370 | Total 25.56B tokens
Step 24,400 | Loss 1.9481 | LR 1.52e-04 | Tokens/s  213,924 | Total 25.59B tokens
Step 24,420 | Loss 2.0209 | LR 1.51e-04 | Tokens/s  213,563 | Total 25.61B tokens
Step 24,440 | Loss 1.9340 | LR 1.51e-04 | Tokens/s  214,281 | Total 25.63B tokens
Step 24,460 | Loss 1.9167 | LR 1.51e-04 | Tokens/s  213,654 | Total 25.65B tokens
Step 24,480 | Loss 1.8311 | LR 1.51e-04 | Tokens/s  213,918 | Total 25.67B tokens
Step 24,500 | Loss 2.0250 | LR 1.51e-04 | Tokens/s  214,356 | Total 25.69B tokens
Step 24,520 | Loss 1.8491 | LR 1.50e-04 | Tokens/s  213,701 | Total 25.71B tokens
Step 24,540 | Loss 1.8391 | LR 1.50e-04 | Tokens/s  214,441 | Total 25.73B tokens
Step 24,560 | Loss 1.9569 | LR 1.50e-04 | Tokens/s  213,903 | Total 25.75B tokens
Step 24,580 | Loss 1.8768 | LR 1.50e-04 | Tokens/s  213,153 | Total 25.77B tokens
Step 24,600 | Loss 2.0103 | LR 1.50e-04 | Tokens/s  214,355 | Total 25.79B tokens
Step 24,620 | Loss 2.0246 | LR 1.49e-04 | Tokens/s  214,387 | Total 25.82B tokens
Step 24,640 | Loss 2.0111 | LR 1.49e-04 | Tokens/s  213,937 | Total 25.84B tokens
Step 24,660 | Loss 2.0124 | LR 1.49e-04 | Tokens/s  214,429 | Total 25.86B tokens
Step 24,680 | Loss 1.9527 | LR 1.49e-04 | Tokens/s  214,375 | Total 25.88B tokens
Step 24,700 | Loss 1.9686 | LR 1.49e-04 | Tokens/s  213,452 | Total 25.90B tokens
Step 24,720 | Loss 1.9875 | LR 1.48e-04 | Tokens/s  214,434 | Total 25.92B tokens
Step 24,740 | Loss 2.0242 | LR 1.48e-04 | Tokens/s  214,437 | Total 25.94B tokens
Step 24,760 | Loss 1.9206 | LR 1.48e-04 | Tokens/s  213,000 | Total 25.96B tokens
Step 24,780 | Loss 1.7969 | LR 1.48e-04 | Tokens/s  213,721 | Total 25.98B tokens
Step 24,800 | Loss 1.9623 | LR 1.48e-04 | Tokens/s  214,308 | Total 26.00B tokens
Step 24,820 | Loss 1.8841 | LR 1.48e-04 | Tokens/s  213,825 | Total 26.03B tokens
Step 24,840 | Loss 1.9786 | LR 1.47e-04 | Tokens/s  214,255 | Total 26.05B tokens
Step 24,860 | Loss 1.9500 | LR 1.47e-04 | Tokens/s  213,526 | Total 26.07B tokens
Step 24,880 | Loss 1.9735 | LR 1.47e-04 | Tokens/s  214,296 | Total 26.09B tokens
Step 24,900 | Loss 1.9888 | LR 1.47e-04 | Tokens/s  214,667 | Total 26.11B tokens
Step 24,920 | Loss 1.9961 | LR 1.47e-04 | Tokens/s  213,100 | Total 26.13B tokens
Step 24,940 | Loss 2.0761 | LR 1.46e-04 | Tokens/s  214,716 | Total 26.15B tokens
Step 24,960 | Loss 1.9063 | LR 1.46e-04 | Tokens/s  214,642 | Total 26.17B tokens
Step 24,980 | Loss 1.8741 | LR 1.46e-04 | Tokens/s  214,157 | Total 26.19B tokens
Step 25,000 | Loss 1.9047 | LR 1.46e-04 | Tokens/s  214,085 | Total 26.21B tokens
  Validation: Loss 1.9561 | PPL 7.07
  --- samples @ step 25,000 ---
    'Once upon a time' -> , there was a little boy named Timmy who lived in a small town called Crestwood. Timmy loved playing outside and exploring his neighborhood. He noticed that som
    'The meaning of life is' ->  to be yourself, and that's exactly what you will be when you're done talking about it.\n\n\n  1. What about the other two paragraphs in the article?\n\n\n\n\n\
    'In Python, you can' ->  use a dictionary with string keys to access attributes of another dictionary.\n\n## Example\n\n>>> dictionary1 = {'a': 10, 'b': 20}\n>>> dictionary2 = {'a': 10
    'The theory of relativity states that' ->  the laws of physics are independent of the observer. But in reality, the observer is always in a privileged position to tell what the laws of physics are.\n\n3
    'def fibonacci(n):' -> \n    return fibonacci(n-1) + fibonacci(n-2)\n\nprint fibonacci(10)\nprint fibonacci(20)\n\n# def fibonacci(n):\n#     if n == 0:\n#         return 1
  Checkpoint saved: step_25000.pt
Step 25,020 | Loss 1.9541 | LR 1.46e-04 | Tokens/s  178,475 | Total 26.24B tokens
Step 25,040 | Loss 1.9541 | LR 1.45e-04 | Tokens/s  214,175 | Total 26.26B tokens
Step 25,060 | Loss 1.9899 | LR 1.45e-04 | Tokens/s  214,710 | Total 26.28B tokens
Step 25,080 | Loss 1.9909 | LR 1.45e-04 | Tokens/s  214,081 | Total 26.30B tokens
Step 25,100 | Loss 2.0090 | LR 1.45e-04 | Tokens/s  213,603 | Total 26.32B tokens
Step 25,120 | Loss 1.8547 | LR 1.45e-04 | Tokens/s  214,672 | Total 26.34B tokens
Step 25,140 | Loss 2.0103 | LR 1.44e-04 | Tokens/s  214,784 | Total 26.36B tokens
Step 25,160 | Loss 1.9965 | LR 1.44e-04 | Tokens/s  214,159 | Total 26.38B tokens
Step 25,180 | Loss 1.9730 | LR 1.44e-04 | Tokens/s  214,669 | Total 26.40B tokens
Step 25,200 | Loss 1.9118 | LR 1.44e-04 | Tokens/s  214,726 | Total 26.42B tokens
Step 25,220 | Loss 1.9837 | LR 1.44e-04 | Tokens/s  214,082 | Total 26.45B tokens
Step 25,240 | Loss 2.0875 | LR 1.44e-04 | Tokens/s  214,088 | Total 26.47B tokens
Step 25,260 | Loss 2.0225 | LR 1.43e-04 | Tokens/s  214,004 | Total 26.49B tokens
Step 25,280 | Loss 2.0302 | LR 1.43e-04 | Tokens/s  214,350 | Total 26.51B tokens
Step 25,300 | Loss 2.0407 | LR 1.43e-04 | Tokens/s  214,680 | Total 26.53B tokens
Step 25,320 | Loss 1.9786 | LR 1.43e-04 | Tokens/s  212,931 | Total 26.55B tokens
Step 25,340 | Loss 1.8579 | LR 1.43e-04 | Tokens/s  214,708 | Total 26.57B tokens
Step 25,360 | Loss 1.9435 | LR 1.42e-04 | Tokens/s  214,740 | Total 26.59B tokens
Step 25,380 | Loss 2.0003 | LR 1.42e-04 | Tokens/s  214,318 | Total 26.61B tokens
Step 25,400 | Loss 1.9665 | LR 1.42e-04 | Tokens/s  214,621 | Total 26.63B tokens
Step 25,420 | Loss 1.8620 | LR 1.42e-04 | Tokens/s  214,691 | Total 26.65B tokens
Step 25,440 | Loss 2.1000 | LR 1.42e-04 | Tokens/s  213,637 | Total 26.68B tokens
Step 25,460 | Loss 1.9718 | LR 1.41e-04 | Tokens/s  213,909 | Total 26.70B tokens
Step 25,480 | Loss 1.9890 | LR 1.41e-04 | Tokens/s  214,750 | Total 26.72B tokens
Step 25,500 | Loss 1.8963 | LR 1.41e-04 | Tokens/s  214,081 | Total 26.74B tokens
Step 25,520 | Loss 1.8485 | LR 1.41e-04 | Tokens/s  214,737 | Total 26.76B tokens
Step 25,540 | Loss 1.8371 | LR 1.41e-04 | Tokens/s  213,686 | Total 26.78B tokens
Step 25,560 | Loss 1.9700 | LR 1.40e-04 | Tokens/s  213,586 | Total 26.80B tokens
Step 25,580 | Loss 1.9690 | LR 1.40e-04 | Tokens/s  214,327 | Total 26.82B tokens
Step 25,600 | Loss 1.9608 | LR 1.40e-04 | Tokens/s  213,772 | Total 26.84B tokens
Step 25,620 | Loss 1.9827 | LR 1.40e-04 | Tokens/s  213,681 | Total 26.86B tokens
Step 25,640 | Loss 1.9446 | LR 1.40e-04 | Tokens/s  214,427 | Total 26.89B tokens
Step 25,660 | Loss 2.0419 | LR 1.40e-04 | Tokens/s  213,800 | Total 26.91B tokens
Step 25,680 | Loss 1.9965 | LR 1.39e-04 | Tokens/s  213,443 | Total 26.93B tokens
Step 25,700 | Loss 1.9346 | LR 1.39e-04 | Tokens/s  214,444 | Total 26.95B tokens
Step 25,720 | Loss 1.8935 | LR 1.39e-04 | Tokens/s  213,670 | Total 26.97B tokens
Step 25,740 | Loss 2.0538 | LR 1.39e-04 | Tokens/s  214,333 | Total 26.99B tokens
Step 25,760 | Loss 1.9421 | LR 1.39e-04 | Tokens/s  214,338 | Total 27.01B tokens
Step 25,780 | Loss 1.8729 | LR 1.38e-04 | Tokens/s  212,496 | Total 27.03B tokens
Step 25,800 | Loss 1.9374 | LR 1.38e-04 | Tokens/s  214,360 | Total 27.05B tokens
Step 25,820 | Loss 2.0107 | LR 1.38e-04 | Tokens/s  214,338 | Total 27.07B tokens
Step 25,840 | Loss 1.9270 | LR 1.38e-04 | Tokens/s  213,856 | Total 27.10B tokens
Step 25,860 | Loss 1.8732 | LR 1.38e-04 | Tokens/s  214,428 | Total 27.12B tokens
Step 25,880 | Loss 1.9890 | LR 1.37e-04 | Tokens/s  214,522 | Total 27.14B tokens
Step 25,900 | Loss 1.8645 | LR 1.37e-04 | Tokens/s  213,811 | Total 27.16B tokens
Step 25,920 | Loss 1.8937 | LR 1.37e-04 | Tokens/s  213,951 | Total 27.18B tokens
Step 25,940 | Loss 1.8511 | LR 1.37e-04 | Tokens/s  214,395 | Total 27.20B tokens
Step 25,960 | Loss 1.8569 | LR 1.37e-04 | Tokens/s  213,109 | Total 27.22B tokens
Step 25,980 | Loss 1.8963 | LR 1.37e-04 | Tokens/s  214,365 | Total 27.24B tokens
Step 26,000 | Loss 1.9005 | LR 1.36e-04 | Tokens/s  213,773 | Total 27.26B tokens
  Validation: Loss 1.9058 | PPL 6.72
  --- samples @ step 26,000 ---
    'Once upon a time' -> , in a land far, far away called the Baltics, there was a special group of people known as the Karens. They were a unique and fascinating group of people who li
    'The meaning of life is' ->  to become conscious.\n\nIt's an idea that's been around for a very long time. It's been around for a long time. The Buddha thought it was a very important thin
    'In Python, you can' ->  use the following syntax to iterate over a list:\n\n```python\nfor elem in s:\n    print(elem)\n```\n\n### Iterating over a Repeated Pair\n\nIn the extract pro
    'The theory of relativity states that' ->  gravity is a curvature of spacetime caused by mass and energy. This curvature can be expressed as a sort of 'gravity' field which is not directly observable. S
    'def fibonacci(n):' ->  return n, n + 1 print(fibonacci([0, 1])) 1 2 3 5 8 13 17 21  ls.sort()  ls.sort(key=lambda x:x[1])  [0, 
  Checkpoint saved: step_26000.pt
Step 26,020 | Loss 1.8609 | LR 1.36e-04 | Tokens/s  176,434 | Total 27.28B tokens
Step 26,040 | Loss 1.9971 | LR 1.36e-04 | Tokens/s  214,016 | Total 27.30B tokens
Step 26,060 | Loss 2.0170 | LR 1.36e-04 | Tokens/s  213,290 | Total 27.33B tokens
Step 26,080 | Loss 1.9200 | LR 1.36e-04 | Tokens/s  213,550 | Total 27.35B tokens
Step 26,100 | Loss 1.8833 | LR 1.35e-04 | Tokens/s  214,089 | Total 27.37B tokens
Step 26,120 | Loss 1.9770 | LR 1.35e-04 | Tokens/s  212,903 | Total 27.39B tokens
Step 26,140 | Loss 1.9820 | LR 1.35e-04 | Tokens/s  214,426 | Total 27.41B tokens
Step 26,160 | Loss 1.9083 | LR 1.35e-04 | Tokens/s  214,429 | Total 27.43B tokens
Step 26,180 | Loss 2.0972 | LR 1.35e-04 | Tokens/s  213,701 | Total 27.45B tokens
Step 26,200 | Loss 1.8892 | LR 1.34e-04 | Tokens/s  214,472 | Total 27.47B tokens
Step 26,220 | Loss 2.0444 | LR 1.34e-04 | Tokens/s  213,386 | Total 27.49B tokens
Step 26,240 | Loss 2.0152 | LR 1.34e-04 | Tokens/s  214,048 | Total 27.51B tokens
Step 26,260 | Loss 2.0556 | LR 1.34e-04 | Tokens/s  214,446 | Total 27.54B tokens
Step 26,280 | Loss 1.8386 | LR 1.34e-04 | Tokens/s  214,435 | Total 27.56B tokens
Step 26,300 | Loss 1.8900 | LR 1.33e-04 | Tokens/s  213,336 | Total 27.58B tokens
Step 26,320 | Loss 1.9455 | LR 1.33e-04 | Tokens/s  213,575 | Total 27.60B tokens
Step 26,340 | Loss 1.9148 | LR 1.33e-04 | Tokens/s  214,426 | Total 27.62B tokens
Step 26,360 | Loss 1.9487 | LR 1.33e-04 | Tokens/s  213,675 | Total 27.64B tokens
Step 26,380 | Loss 1.8029 | LR 1.33e-04 | Tokens/s  214,493 | Total 27.66B tokens
Step 26,400 | Loss 1.8903 | LR 1.33e-04 | Tokens/s  214,075 | Total 27.68B tokens
Step 26,420 | Loss 2.0927 | LR 1.32e-04 | Tokens/s  214,496 | Total 27.70B tokens
Step 26,440 | Loss 2.0801 | LR 1.32e-04 | Tokens/s  214,445 | Total 27.72B tokens
Step 26,460 | Loss 2.0637 | LR 1.32e-04 | Tokens/s  212,770 | Total 27.75B tokens
Step 26,480 | Loss 1.9933 | LR 1.32e-04 | Tokens/s  214,535 | Total 27.77B tokens
Step 26,500 | Loss 1.8560 | LR 1.32e-04 | Tokens/s  214,443 | Total 27.79B tokens
Step 26,520 | Loss 1.8941 | LR 1.31e-04 | Tokens/s  213,585 | Total 27.81B tokens
Step 26,540 | Loss 1.8730 | LR 1.31e-04 | Tokens/s  213,726 | Total 27.83B tokens
Step 26,560 | Loss 1.9681 | LR 1.31e-04 | Tokens/s  214,503 | Total 27.85B tokens
Step 26,580 | Loss 1.9571 | LR 1.31e-04 | Tokens/s  214,072 | Total 27.87B tokens
Step 26,600 | Loss 1.9417 | LR 1.31e-04 | Tokens/s  214,379 | Total 27.89B tokens
Step 26,620 | Loss 1.9023 | LR 1.31e-04 | Tokens/s  214,405 | Total 27.91B tokens
Step 26,640 | Loss 1.9878 | LR 1.30e-04 | Tokens/s  213,500 | Total 27.93B tokens
Step 26,660 | Loss 1.9991 | LR 1.30e-04 | Tokens/s  214,523 | Total 27.96B tokens
Step 26,680 | Loss 1.8887 | LR 1.30e-04 | Tokens/s  213,948 | Total 27.98B tokens
Step 26,700 | Loss 2.0216 | LR 1.30e-04 | Tokens/s  213,771 | Total 28.00B tokens
Step 26,720 | Loss 1.8863 | LR 1.30e-04 | Tokens/s  214,436 | Total 28.02B tokens
Step 26,740 | Loss 1.9453 | LR 1.29e-04 | Tokens/s  214,457 | Total 28.04B tokens
Step 26,760 | Loss 1.9758 | LR 1.29e-04 | Tokens/s  213,380 | Total 28.06B tokens
Step 26,780 | Loss 1.9968 | LR 1.29e-04 | Tokens/s  214,403 | Total 28.08B tokens
Step 26,800 | Loss 2.1099 | LR 1.29e-04 | Tokens/s  213,859 | Total 28.10B tokens
Step 26,820 | Loss 1.8648 | LR 1.29e-04 | Tokens/s  213,944 | Total 28.12B tokens
Step 26,840 | Loss 1.9759 | LR 1.28e-04 | Tokens/s  214,433 | Total 28.14B tokens
Step 26,860 | Loss 1.8633 | LR 1.28e-04 | Tokens/s  214,467 | Total 28.16B tokens
Step 26,880 | Loss 2.0003 | LR 1.28e-04 | Tokens/s  213,758 | Total 28.19B tokens
Step 26,900 | Loss 1.9005 | LR 1.28e-04 | Tokens/s  214,513 | Total 28.21B tokens
Step 26,920 | Loss 2.0100 | LR 1.28e-04 | Tokens/s  213,457 | Total 28.23B tokens
Step 26,940 | Loss 1.9143 | LR 1.28e-04 | Tokens/s  214,347 | Total 28.25B tokens
Step 26,960 | Loss 1.9519 | LR 1.27e-04 | Tokens/s  214,400 | Total 28.27B tokens
Step 26,980 | Loss 1.9167 | LR 1.27e-04 | Tokens/s  213,388 | Total 28.29B tokens
Step 27,000 | Loss 1.8676 | LR 1.27e-04 | Tokens/s  213,851 | Total 28.31B tokens
  Validation: Loss 1.9425 | PPL 6.98
  --- samples @ step 27,000 ---
    'Once upon a time' -> , there was a curious little girl named Mia who loved asking questions about everything around her. One day, she asked her mom, "What does it mean when someone 
    'The meaning of life is' ->  to find it.’ - Albert Einstein The Meaning of Life\n\n\n\n\n\n\n\n\n\n\n\n\n\n\n\n\n\n\n\n\n\n\n\n\n\n\n\n\n\n\n\n\n\n\n\n\n\n\n\n\n\n\n\n\n\n\n\n\n\n\n
    'In Python, you can' ->  use the following syntax. In the above example the string is a variable. The string variable is the variable that holds the text that we can use in the rest of
    'The theory of relativity states that' ->  light travels at a constant speed c in a vacuum and that any moving object will experience a distortion in the path that it takes to reach its destination. 1: 
    'def fibonacci(n):' -> \n#     x = 0\n#     if n == 1: return 1\n#     else:\n#         x = fibonacci(n - 1) + fibonacci(n - 2)\n#     return x\n\n\n@app.route('/')\ndef
  Checkpoint saved: step_27000.pt
Step 27,020 | Loss 2.0094 | LR 1.27e-04 | Tokens/s  176,957 | Total 28.33B tokens
Step 27,040 | Loss 1.8753 | LR 1.27e-04 | Tokens/s  213,669 | Total 28.35B tokens
Step 27,060 | Loss 1.8430 | LR 1.26e-04 | Tokens/s  214,508 | Total 28.37B tokens
Step 27,080 | Loss 1.8974 | LR 1.26e-04 | Tokens/s  214,428 | Total 28.40B tokens
Step 27,100 | Loss 1.9966 | LR 1.26e-04 | Tokens/s  213,996 | Total 28.42B tokens
Step 27,120 | Loss 1.9796 | LR 1.26e-04 | Tokens/s  214,076 | Total 28.44B tokens
Step 27,140 | Loss 1.8829 | LR 1.26e-04 | Tokens/s  213,898 | Total 28.46B tokens
Step 27,160 | Loss 1.9764 | LR 1.25e-04 | Tokens/s  213,468 | Total 28.48B tokens
Step 27,180 | Loss 1.9950 | LR 1.25e-04 | Tokens/s  214,492 | Total 28.50B tokens
Step 27,200 | Loss 1.8925 | LR 1.25e-04 | Tokens/s  214,442 | Total 28.52B tokens
Step 27,220 | Loss 1.9116 | LR 1.25e-04 | Tokens/s  213,106 | Total 28.54B tokens
Step 27,240 | Loss 1.9549 | LR 1.25e-04 | Tokens/s  214,466 | Total 28.56B tokens
Step 27,260 | Loss 1.7825 | LR 1.25e-04 | Tokens/s  214,107 | Total 28.58B tokens
Step 27,280 | Loss 1.8155 | LR 1.24e-04 | Tokens/s  214,449 | Total 28.61B tokens
Step 27,300 | Loss 2.0427 | LR 1.24e-04 | Tokens/s  214,420 | Total 28.63B tokens
Step 27,320 | Loss 1.9255 | LR 1.24e-04 | Tokens/s  213,747 | Total 28.65B tokens
Step 27,340 | Loss 2.0742 | LR 1.24e-04 | Tokens/s  214,348 | Total 28.67B tokens
Step 27,360 | Loss 1.8932 | LR 1.24e-04 | Tokens/s  213,855 | Total 28.69B tokens
Step 27,380 | Loss 1.8959 | LR 1.23e-04 | Tokens/s  213,861 | Total 28.71B tokens
Step 27,400 | Loss 1.8455 | LR 1.23e-04 | Tokens/s  214,435 | Total 28.73B tokens
Step 27,420 | Loss 2.0154 | LR 1.23e-04 | Tokens/s  214,313 | Total 28.75B tokens
Step 27,440 | Loss 1.9543 | LR 1.23e-04 | Tokens/s  213,396 | Total 28.77B tokens
Step 27,460 | Loss 1.9927 | LR 1.23e-04 | Tokens/s  214,427 | Total 28.79B tokens
Step 27,480 | Loss 1.9905 | LR 1.23e-04 | Tokens/s  214,436 | Total 28.81B tokens
Step 27,500 | Loss 2.0038 | LR 1.22e-04 | Tokens/s  213,912 | Total 28.84B tokens
Step 27,520 | Loss 2.0190 | LR 1.22e-04 | Tokens/s  214,307 | Total 28.86B tokens
Step 27,540 | Loss 1.9307 | LR 1.22e-04 | Tokens/s  214,108 | Total 28.88B tokens
Step 27,560 | Loss 1.8901 | LR 1.22e-04 | Tokens/s  213,504 | Total 28.90B tokens
Step 27,580 | Loss 1.9915 | LR 1.22e-04 | Tokens/s  214,211 | Total 28.92B tokens
Step 27,600 | Loss 2.0350 | LR 1.21e-04 | Tokens/s  213,231 | Total 28.94B tokens
Step 27,620 | Loss 2.0339 | LR 1.21e-04 | Tokens/s  214,070 | Total 28.96B tokens
Step 27,640 | Loss 1.8073 | LR 1.21e-04 | Tokens/s  214,137 | Total 28.98B tokens
Step 27,660 | Loss 2.0040 | LR 1.21e-04 | Tokens/s  213,032 | Total 29.00B tokens
Step 27,680 | Loss 1.8574 | LR 1.21e-04 | Tokens/s  213,504 | Total 29.02B tokens
Step 27,700 | Loss 1.9953 | LR 1.21e-04 | Tokens/s  214,180 | Total 29.05B tokens
Step 27,720 | Loss 1.9309 | LR 1.20e-04 | Tokens/s  213,501 | Total 29.07B tokens
Step 27,740 | Loss 1.9661 | LR 1.20e-04 | Tokens/s  214,202 | Total 29.09B tokens
Step 27,760 | Loss 2.0624 | LR 1.20e-04 | Tokens/s  214,156 | Total 29.11B tokens
Step 27,780 | Loss 1.9822 | LR 1.20e-04 | Tokens/s  213,714 | Total 29.13B tokens
Step 27,800 | Loss 1.8861 | LR 1.20e-04 | Tokens/s  214,064 | Total 29.15B tokens
Step 27,820 | Loss 2.0015 | LR 1.19e-04 | Tokens/s  213,654 | Total 29.17B tokens
Step 27,840 | Loss 1.8959 | LR 1.19e-04 | Tokens/s  213,100 | Total 29.19B tokens
Step 27,860 | Loss 2.0110 | LR 1.19e-04 | Tokens/s  214,123 | Total 29.21B tokens
Step 27,880 | Loss 2.0120 | LR 1.19e-04 | Tokens/s  214,171 | Total 29.23B tokens
Step 27,900 | Loss 1.9752 | LR 1.19e-04 | Tokens/s  212,913 | Total 29.26B tokens
Step 27,920 | Loss 2.0259 | LR 1.19e-04 | Tokens/s  214,338 | Total 29.28B tokens
Step 27,940 | Loss 1.9247 | LR 1.18e-04 | Tokens/s  213,936 | Total 29.30B tokens
Step 27,960 | Loss 2.0203 | LR 1.18e-04 | Tokens/s  214,406 | Total 29.32B tokens
Step 27,980 | Loss 1.9453 | LR 1.18e-04 | Tokens/s  214,367 | Total 29.34B tokens
Step 28,000 | Loss 1.9734 | LR 1.18e-04 | Tokens/s  213,808 | Total 29.36B tokens
  Validation: Loss 1.9614 | PPL 7.11
  --- samples @ step 28,000 ---
    'Once upon a time' -> , in a small town named Harmonyville, lived two best friends, Sam and Alex. They were curious kids who loved learning new things. One day, they decided to learn
    'The meaning of life is' ->  to create human beings of the mind; to make men, to give birth to them; and to raise them from the dead.\n\n\n  1. You can be a great friend, but you cannot be
    'In Python, you can' ->  also do this with the `eval` library:\n\n```python\nfrom __future__ import print_function\nfrom __future__ import division\nfrom __future__ import print_functi
    'The theory of relativity states that' ->  the speed of light is independent of motion and that the speed of light can be measured as $$c \rightarrow 199,792,438 \times {10}^{8} \text{m} \text{s}^{-1}$$
    'def fibonacci(n):' ->  if n <= 1: return n def fib(n): return fibonacci(n-1) + fibonacci(n-2) def fibonacci2(n): if n <= 1: return 0 def fibonacci(n): return fibonacci2(n-1
  Checkpoint saved: step_28000.pt
Step 28,020 | Loss 2.0399 | LR 1.18e-04 | Tokens/s  176,830 | Total 29.38B tokens
Step 28,040 | Loss 2.0435 | LR 1.17e-04 | Tokens/s  214,231 | Total 29.40B tokens
Step 28,060 | Loss 1.8995 | LR 1.17e-04 | Tokens/s  213,594 | Total 29.42B tokens
Step 28,080 | Loss 1.9490 | LR 1.17e-04 | Tokens/s  213,363 | Total 29.44B tokens
Step 28,100 | Loss 1.9308 | LR 1.17e-04 | Tokens/s  213,891 | Total 29.46B tokens
Step 28,120 | Loss 1.7968 | LR 1.17e-04 | Tokens/s  213,703 | Total 29.49B tokens
Step 28,140 | Loss 2.0386 | LR 1.17e-04 | Tokens/s  213,620 | Total 29.51B tokens
Step 28,160 | Loss 2.0554 | LR 1.16e-04 | Tokens/s  214,166 | Total 29.53B tokens
Step 28,180 | Loss 1.9611 | LR 1.16e-04 | Tokens/s  212,606 | Total 29.55B tokens
Step 28,200 | Loss 1.9128 | LR 1.16e-04 | Tokens/s  213,996 | Total 29.57B tokens
Step 28,220 | Loss 1.9309 | LR 1.16e-04 | Tokens/s  214,135 | Total 29.59B tokens
Step 28,240 | Loss 2.0093 | LR 1.16e-04 | Tokens/s  213,427 | Total 29.61B tokens
Step 28,260 | Loss 1.9211 | LR 1.15e-04 | Tokens/s  214,047 | Total 29.63B tokens
Step 28,280 | Loss 1.7651 | LR 1.15e-04 | Tokens/s  212,972 | Total 29.65B tokens
Step 28,300 | Loss 1.8660 | LR 1.15e-04 | Tokens/s  213,188 | Total 29.67B tokens
Step 28,320 | Loss 1.9798 | LR 1.15e-04 | Tokens/s  213,915 | Total 29.70B tokens
Step 28,340 | Loss 1.8777 | LR 1.15e-04 | Tokens/s  213,891 | Total 29.72B tokens
Step 28,360 | Loss 1.8244 | LR 1.15e-04 | Tokens/s  211,523 | Total 29.74B tokens
Step 28,380 | Loss 2.0189 | LR 1.14e-04 | Tokens/s  214,193 | Total 29.76B tokens
Step 28,400 | Loss 1.8947 | LR 1.14e-04 | Tokens/s  214,237 | Total 29.78B tokens
Step 28,420 | Loss 1.9156 | LR 1.14e-04 | Tokens/s  213,479 | Total 29.80B tokens
Step 28,440 | Loss 1.9810 | LR 1.14e-04 | Tokens/s  214,279 | Total 29.82B tokens
Step 28,460 | Loss 1.9844 | LR 1.14e-04 | Tokens/s  213,807 | Total 29.84B tokens
Step 28,480 | Loss 2.0296 | LR 1.14e-04 | Tokens/s  214,203 | Total 29.86B tokens
Step 28,500 | Loss 2.0347 | LR 1.13e-04 | Tokens/s  213,606 | Total 29.88B tokens
Step 28,520 | Loss 1.8737 | LR 1.13e-04 | Tokens/s  212,969 | Total 29.91B tokens
Step 28,540 | Loss 1.9148 | LR 1.13e-04 | Tokens/s  214,235 | Total 29.93B tokens
Step 28,560 | Loss 1.8078 | LR 1.13e-04 | Tokens/s  214,168 | Total 29.95B tokens
Step 28,580 | Loss 1.9383 | LR 1.13e-04 | Tokens/s  212,819 | Total 29.97B tokens
Step 28,600 | Loss 2.0026 | LR 1.12e-04 | Tokens/s  214,204 | Total 29.99B tokens
Step 28,620 | Loss 2.0562 | LR 1.12e-04 | Tokens/s  214,254 | Total 30.01B tokens
Step 28,640 | Loss 1.8619 | LR 1.12e-04 | Tokens/s  213,837 | Total 30.03B tokens
Step 28,660 | Loss 1.9039 | LR 1.12e-04 | Tokens/s  214,171 | Total 30.05B tokens
Step 28,680 | Loss 1.8826 | LR 1.12e-04 | Tokens/s  214,208 | Total 30.07B tokens
Step 28,700 | Loss 1.9522 | LR 1.12e-04 | Tokens/s  212,993 | Total 30.09B tokens
Step 28,720 | Loss 1.9761 | LR 1.11e-04 | Tokens/s  214,157 | Total 30.12B tokens
Step 28,740 | Loss 1.9562 | LR 1.11e-04 | Tokens/s  213,619 | Total 30.14B tokens
Step 28,760 | Loss 1.9991 | LR 1.11e-04 | Tokens/s  213,450 | Total 30.16B tokens
Step 28,780 | Loss 1.9384 | LR 1.11e-04 | Tokens/s  214,257 | Total 30.18B tokens
Step 28,800 | Loss 2.0396 | LR 1.11e-04 | Tokens/s  213,789 | Total 30.20B tokens
Step 28,820 | Loss 1.9841 | LR 1.11e-04 | Tokens/s  213,628 | Total 30.22B tokens
Step 28,840 | Loss 1.8708 | LR 1.10e-04 | Tokens/s  214,148 | Total 30.24B tokens
Step 28,860 | Loss 1.9577 | LR 1.10e-04 | Tokens/s  212,981 | Total 30.26B tokens
Step 28,880 | Loss 1.8701 | LR 1.10e-04 | Tokens/s  214,267 | Total 30.28B tokens
Step 28,900 | Loss 1.9802 | LR 1.10e-04 | Tokens/s  214,084 | Total 30.30B tokens
Step 28,920 | Loss 1.9838 | LR 1.10e-04 | Tokens/s  213,280 | Total 30.32B tokens
Step 28,940 | Loss 1.8203 | LR 1.09e-04 | Tokens/s  213,965 | Total 30.35B tokens
Step 28,960 | Loss 1.8797 | LR 1.09e-04 | Tokens/s  213,403 | Total 30.37B tokens
Step 28,980 | Loss 2.0188 | LR 1.09e-04 | Tokens/s  213,519 | Total 30.39B tokens
Step 29,000 | Loss 1.7978 | LR 1.09e-04 | Tokens/s  213,932 | Total 30.41B tokens
  Validation: Loss 1.9617 | PPL 7.11
  --- samples @ step 29,000 ---
    'Once upon a time' -> , there was a group of friends who loved to play a game called "Go." They would imagine themselves as powerful kings and queens, ruling over their kingdoms and 
    'The meaning of life is' ->  to live in the world where we are.\n\nThe world we will be living in is called the world of the senses, and we will live there.\n\nFor example, we are all aliv
    'In Python, you can' ->  use a prefix like [a-zA-Z0-9_]* for the regular expression.\n\n### Explanation\n\nThe regex pattern is used in the preprocessing stage to extract the part of t
    'The theory of relativity states that' ->  the speed of light is not constant, but the speed of the Earth is.\n\nA man who is 100 km away from the speed of light, he would see the speed of light to be 1
    'def fibonacci(n):' ->  return n if n>1: return n-1else: return 1+fibonacci(n-1) def fibonacci_2(n): return n if n>2: return 1+fibonacci(n-2) def fibonacci_3(n):
  Checkpoint saved: step_29000.pt
Step 29,020 | Loss 1.8820 | LR 1.09e-04 | Tokens/s  177,725 | Total 30.43B tokens
Step 29,040 | Loss 1.8041 | LR 1.09e-04 | Tokens/s  211,878 | Total 30.45B tokens
Step 29,060 | Loss 1.8776 | LR 1.08e-04 | Tokens/s  214,166 | Total 30.47B tokens
Step 29,080 | Loss 1.8972 | LR 1.08e-04 | Tokens/s  214,285 | Total 30.49B tokens
Step 29,100 | Loss 1.9275 | LR 1.08e-04 | Tokens/s  213,574 | Total 30.51B tokens
Step 29,120 | Loss 1.8808 | LR 1.08e-04 | Tokens/s  214,260 | Total 30.53B tokens
Step 29,140 | Loss 1.9023 | LR 1.08e-04 | Tokens/s  213,872 | Total 30.56B tokens
Step 29,160 | Loss 1.9460 | LR 1.08e-04 | Tokens/s  213,971 | Total 30.58B tokens
Step 29,180 | Loss 1.9786 | LR 1.07e-04 | Tokens/s  213,852 | Total 30.60B tokens
Step 29,200 | Loss 2.0156 | LR 1.07e-04 | Tokens/s  212,529 | Total 30.62B tokens
Step 29,220 | Loss 1.9243 | LR 1.07e-04 | Tokens/s  213,360 | Total 30.64B tokens
Step 29,240 | Loss 1.9787 | LR 1.07e-04 | Tokens/s  213,951 | Total 30.66B tokens
Step 29,260 | Loss 1.9024 | LR 1.07e-04 | Tokens/s  213,912 | Total 30.68B tokens
Step 29,280 | Loss 1.8599 | LR 1.06e-04 | Tokens/s  212,912 | Total 30.70B tokens
Step 29,300 | Loss 1.8614 | LR 1.06e-04 | Tokens/s  214,000 | Total 30.72B tokens
Step 29,320 | Loss 1.9149 | LR 1.06e-04 | Tokens/s  213,714 | Total 30.74B tokens
Step 29,340 | Loss 1.8470 | LR 1.06e-04 | Tokens/s  214,206 | Total 30.77B tokens
Step 29,360 | Loss 1.8708 | LR 1.06e-04 | Tokens/s  214,176 | Total 30.79B tokens
Step 29,380 | Loss 1.8594 | LR 1.06e-04 | Tokens/s  213,080 | Total 30.81B tokens
Step 29,400 | Loss 1.9881 | LR 1.05e-04 | Tokens/s  214,100 | Total 30.83B tokens
Step 29,420 | Loss 1.9653 | LR 1.05e-04 | Tokens/s  213,573 | Total 30.85B tokens
Step 29,440 | Loss 1.9783 | LR 1.05e-04 | Tokens/s  213,628 | Total 30.87B tokens
Step 29,460 | Loss 1.9608 | LR 1.05e-04 | Tokens/s  214,283 | Total 30.89B tokens
Step 29,480 | Loss 1.9690 | LR 1.05e-04 | Tokens/s  213,806 | Total 30.91B tokens
Step 29,500 | Loss 1.9052 | LR 1.05e-04 | Tokens/s  213,611 | Total 30.93B tokens
Step 29,520 | Loss 1.8982 | LR 1.04e-04 | Tokens/s  214,143 | Total 30.95B tokens
Step 29,540 | Loss 1.8976 | LR 1.04e-04 | Tokens/s  213,590 | Total 30.97B tokens
Step 29,560 | Loss 2.0317 | LR 1.04e-04 | Tokens/s  213,325 | Total 31.00B tokens
Step 29,580 | Loss 1.8538 | LR 1.04e-04 | Tokens/s  214,190 | Total 31.02B tokens
Step 29,600 | Loss 1.9543 | LR 1.04e-04 | Tokens/s  214,156 | Total 31.04B tokens
Step 29,620 | Loss 1.8457 | LR 1.04e-04 | Tokens/s  213,460 | Total 31.06B tokens
Step 29,640 | Loss 1.9549 | LR 1.03e-04 | Tokens/s  213,138 | Total 31.08B tokens
Step 29,660 | Loss 1.8449 | LR 1.03e-04 | Tokens/s  213,730 | Total 31.10B tokens
Step 29,680 | Loss 1.9540 | LR 1.03e-04 | Tokens/s  214,159 | Total 31.12B tokens
Step 29,700 | Loss 1.9588 | LR 1.03e-04 | Tokens/s  214,170 | Total 31.14B tokens
Step 29,720 | Loss 1.9520 | LR 1.03e-04 | Tokens/s  212,084 | Total 31.16B tokens
Step 29,740 | Loss 1.9422 | LR 1.03e-04 | Tokens/s  214,119 | Total 31.18B tokens
Step 29,760 | Loss 1.8636 | LR 1.02e-04 | Tokens/s  214,098 | Total 31.21B tokens
Step 29,780 | Loss 2.0214 | LR 1.02e-04 | Tokens/s  213,419 | Total 31.23B tokens
Step 29,800 | Loss 1.8698 | LR 1.02e-04 | Tokens/s  214,085 | Total 31.25B tokens
Step 29,820 | Loss 1.9669 | LR 1.02e-04 | Tokens/s  214,137 | Total 31.27B tokens
Step 29,840 | Loss 1.8187 | LR 1.02e-04 | Tokens/s  213,637 | Total 31.29B tokens
Step 29,860 | Loss 1.9304 | LR 1.01e-04 | Tokens/s  214,112 | Total 31.31B tokens
Step 29,880 | Loss 1.9013 | LR 1.01e-04 | Tokens/s  213,075 | Total 31.33B tokens
Step 29,900 | Loss 1.9319 | LR 1.01e-04 | Tokens/s  212,966 | Total 31.35B tokens
Step 29,920 | Loss 1.8668 | LR 1.01e-04 | Tokens/s  214,004 | Total 31.37B tokens
Step 29,940 | Loss 1.9479 | LR 1.01e-04 | Tokens/s  214,010 | Total 31.39B tokens
Step 29,960 | Loss 1.8441 | LR 1.01e-04 | Tokens/s  211,934 | Total 31.42B tokens
Step 29,980 | Loss 1.9530 | LR 1.00e-04 | Tokens/s  213,633 | Total 31.44B tokens
Step 30,000 | Loss 1.9095 | LR 1.00e-04 | Tokens/s  213,485 | Total 31.46B tokens
  Validation: Loss 1.9206 | PPL 6.83
  --- samples @ step 30,000 ---
    'Once upon a time' -> , there was a friendly robot named Riley who loved to help people in their daily lives. One day, Riley wondered, "How can I make people happier and calmer?" So,
    'The meaning of life is' ->  not a question of how long I will live but rather what I will do to live in the meantime.\n\n(189) Life is a journey and an adventure. It is a continuous journ
    'In Python, you can' ->  do this:\n\ndef square(number):\n    if number == 0:\n        return 1\n    return number * number\n\nprint(square(2))\n\n\nYou can do this:\n\ndef square(numb
    'The theory of relativity states that' ->  the speed of light is a constant that cannot change no matter what. But this is not so. If the speed of light were not constant, then it would be possible for 
    'def fibonacci(n):' ->  return n if n==1 else fibonacci(n-1)+fibonacci(n-2)\n\nprint('Fibonacci Sequence:', fibonacci(6))\n\n\n## Fibonacci sequence\n\nFibonacci sequence is a sequenc
  Checkpoint saved: step_30000.pt
Step 30,020 | Loss 1.9065 | LR 1.00e-04 | Tokens/s  170,539 | Total 31.48B tokens
Step 30,040 | Loss 1.8037 | LR 1.00e-04 | Tokens/s  213,974 | Total 31.50B tokens
Step 30,060 | Loss 1.9148 | LR 9.98e-05 | Tokens/s  212,945 | Total 31.52B tokens
Step 30,080 | Loss 1.9424 | LR 9.96e-05 | Tokens/s  214,060 | Total 31.54B tokens
Step 30,100 | Loss 1.9422 | LR 9.95e-05 | Tokens/s  213,051 | Total 31.56B tokens
Step 30,120 | Loss 1.9311 | LR 9.93e-05 | Tokens/s  213,404 | Total 31.58B tokens
Step 30,140 | Loss 1.8851 | LR 9.91e-05 | Tokens/s  214,033 | Total 31.60B tokens
Step 30,160 | Loss 1.9416 | LR 9.90e-05 | Tokens/s  213,942 | Total 31.63B tokens
Step 30,180 | Loss 1.9557 | LR 9.88e-05 | Tokens/s  212,320 | Total 31.65B tokens
Step 30,200 | Loss 1.8651 | LR 9.86e-05 | Tokens/s  214,033 | Total 31.67B tokens
Step 30,220 | Loss 1.9614 | LR 9.85e-05 | Tokens/s  214,056 | Total 31.69B tokens
Step 30,240 | Loss 2.0409 | LR 9.83e-05 | Tokens/s  212,849 | Total 31.71B tokens
Step 30,260 | Loss 1.8951 | LR 9.81e-05 | Tokens/s  213,981 | Total 31.73B tokens
Step 30,280 | Loss 2.0017 | LR 9.80e-05 | Tokens/s  213,929 | Total 31.75B tokens
Step 30,300 | Loss 1.9028 | LR 9.78e-05 | Tokens/s  213,436 | Total 31.77B tokens
Step 30,320 | Loss 1.8718 | LR 9.76e-05 | Tokens/s  212,901 | Total 31.79B tokens
Step 30,340 | Loss 1.8961 | LR 9.75e-05 | Tokens/s  213,499 | Total 31.81B tokens
Step 30,360 | Loss 1.9222 | LR 9.73e-05 | Tokens/s  213,971 | Total 31.83B tokens
Step 30,380 | Loss 1.8558 | LR 9.71e-05 | Tokens/s  213,987 | Total 31.86B tokens
Step 30,400 | Loss 1.9131 | LR 9.70e-05 | Tokens/s  212,517 | Total 31.88B tokens
Step 30,420 | Loss 2.0458 | LR 9.68e-05 | Tokens/s  213,456 | Total 31.90B tokens
Step 30,440 | Loss 1.9274 | LR 9.66e-05 | Tokens/s  213,983 | Total 31.92B tokens
Step 30,460 | Loss 1.8887 | LR 9.65e-05 | Tokens/s  214,002 | Total 31.94B tokens
Step 30,480 | Loss 1.9793 | LR 9.63e-05 | Tokens/s  213,406 | Total 31.96B tokens
Step 30,500 | Loss 2.0154 | LR 9.61e-05 | Tokens/s  214,094 | Total 31.98B tokens
Step 30,520 | Loss 1.9900 | LR 9.60e-05 | Tokens/s  213,276 | Total 32.00B tokens
Step 30,540 | Loss 1.8355 | LR 9.58e-05 | Tokens/s  213,992 | Total 32.02B tokens
Step 30,560 | Loss 2.0245 | LR 9.56e-05 | Tokens/s  213,372 | Total 32.04B tokens
Step 30,580 | Loss 1.8970 | LR 9.55e-05 | Tokens/s  213,061 | Total 32.07B tokens
Step 30,600 | Loss 2.0021 | LR 9.53e-05 | Tokens/s  214,044 | Total 32.09B tokens
Step 30,620 | Loss 1.8344 | LR 9.51e-05 | Tokens/s  214,018 | Total 32.11B tokens
Step 30,640 | Loss 1.9100 | LR 9.50e-05 | Tokens/s  212,896 | Total 32.13B tokens
Step 30,660 | Loss 1.9054 | LR 9.48e-05 | Tokens/s  214,013 | Total 32.15B tokens
Step 30,680 | Loss 1.8595 | LR 9.46e-05 | Tokens/s  213,578 | Total 32.17B tokens
Step 30,700 | Loss 1.7719 | LR 9.45e-05 | Tokens/s  214,063 | Total 32.19B tokens
Step 30,720 | Loss 1.9572 | LR 9.43e-05 | Tokens/s  214,082 | Total 32.21B tokens
Step 30,740 | Loss 1.8480 | LR 9.41e-05 | Tokens/s  213,290 | Total 32.23B tokens
Step 30,760 | Loss 1.9707 | LR 9.40e-05 | Tokens/s  213,046 | Total 32.25B tokens
Step 30,780 | Loss 1.9146 | LR 9.38e-05 | Tokens/s  213,316 | Total 32.28B tokens
Step 30,800 | Loss 1.9937 | LR 9.37e-05 | Tokens/s  213,858 | Total 32.30B tokens
Step 30,820 | Loss 2.0005 | LR 9.35e-05 | Tokens/s  213,064 | Total 32.32B tokens
Step 30,840 | Loss 1.9577 | LR 9.33e-05 | Tokens/s  213,905 | Total 32.34B tokens
Step 30,860 | Loss 2.0130 | LR 9.32e-05 | Tokens/s  212,809 | Total 32.36B tokens
Step 30,880 | Loss 1.9433 | LR 9.30e-05 | Tokens/s  214,206 | Total 32.38B tokens
Step 30,900 | Loss 1.9702 | LR 9.28e-05 | Tokens/s  214,151 | Total 32.40B tokens
Step 30,920 | Loss 2.0661 | LR 9.27e-05 | Tokens/s  212,815 | Total 32.42B tokens
Step 30,940 | Loss 1.9092 | LR 9.25e-05 | Tokens/s  213,807 | Total 32.44B tokens
Step 30,960 | Loss 1.9194 | LR 9.23e-05 | Tokens/s  213,944 | Total 32.46B tokens
Step 30,980 | Loss 1.8811 | LR 9.22e-05 | Tokens/s  213,453 | Total 32.48B tokens
Step 31,000 | Loss 1.8703 | LR 9.20e-05 | Tokens/s  213,956 | Total 32.51B tokens
  Validation: Loss 1.9802 | PPL 7.24
  --- samples @ step 31,000 ---
    'Once upon a time' -> , there were two best friends named Max and Lily. They loved learning about space and astronomy. One day, they heard about an amazing telescope called the Hubbl
    'The meaning of life is' ->  to try to improve the world through our actions and good deeds. All you need to do is to try to improve the world for yourself because we are all part of it an
    'In Python, you can' ->  use "and" to have a condition that is true only if one or more of the conditions that follow is true:   def f(a,b): return a and b   Now, you can use "or" to h
    'The theory of relativity states that' ->  space and time are not the same thing, but that they are interrelated. So the universe is not a solid spherical object, but that objects follow the curvature o
    'def fibonacci(n):' ->  """ Fibonacci Sequence: n + 1 (= F[n-1]) """ return F(n-1) def fib(n): """ Fibonacci Sequence: n + 1 (= F[n-1]) """ from random import seed def _one_fib
  Checkpoint saved: step_31000.pt
Step 31,020 | Loss 1.8343 | LR 9.19e-05 | Tokens/s  176,378 | Total 32.53B tokens
Step 31,040 | Loss 1.8811 | LR 9.17e-05 | Tokens/s  214,054 | Total 32.55B tokens
Step 31,060 | Loss 1.8930 | LR 9.15e-05 | Tokens/s  214,085 | Total 32.57B tokens
Step 31,080 | Loss 1.8726 | LR 9.14e-05 | Tokens/s  213,527 | Total 32.59B tokens
Step 31,100 | Loss 1.9406 | LR 9.12e-05 | Tokens/s  213,663 | Total 32.61B tokens
Step 31,120 | Loss 1.8271 | LR 9.11e-05 | Tokens/s  214,137 | Total 32.63B tokens
Step 31,140 | Loss 1.8621 | LR 9.09e-05 | Tokens/s  214,105 | Total 32.65B tokens
Step 31,160 | Loss 1.8734 | LR 9.07e-05 | Tokens/s  212,941 | Total 32.67B tokens
Step 31,180 | Loss 1.8331 | LR 9.06e-05 | Tokens/s  214,027 | Total 32.69B tokens
Step 31,200 | Loss 1.9317 | LR 9.04e-05 | Tokens/s  213,673 | Total 32.72B tokens
Step 31,220 | Loss 1.8670 | LR 9.02e-05 | Tokens/s  214,144 | Total 32.74B tokens
Step 31,240 | Loss 2.0560 | LR 9.01e-05 | Tokens/s  213,529 | Total 32.76B tokens
Step 31,260 | Loss 1.8818 | LR 8.99e-05 | Tokens/s  213,154 | Total 32.78B tokens
Step 31,280 | Loss 1.9230 | LR 8.98e-05 | Tokens/s  214,144 | Total 32.80B tokens
Step 31,300 | Loss 1.9575 | LR 8.96e-05 | Tokens/s  214,062 | Total 32.82B tokens
Step 31,320 | Loss 1.8683 | LR 8.94e-05 | Tokens/s  213,646 | Total 32.84B tokens
Step 31,340 | Loss 1.9520 | LR 8.93e-05 | Tokens/s  214,206 | Total 32.86B tokens
Step 31,360 | Loss 1.9503 | LR 8.91e-05 | Tokens/s  213,989 | Total 32.88B tokens
Step 31,380 | Loss 1.7754 | LR 8.90e-05 | Tokens/s  213,102 | Total 32.90B tokens
Step 31,400 | Loss 1.9926 | LR 8.88e-05 | Tokens/s  213,838 | Total 32.93B tokens
Step 31,420 | Loss 1.7686 | LR 8.86e-05 | Tokens/s  214,051 | Total 32.95B tokens
Step 31,440 | Loss 1.9661 | LR 8.85e-05 | Tokens/s  213,022 | Total 32.97B tokens
Step 31,460 | Loss 1.9126 | LR 8.83e-05 | Tokens/s  213,308 | Total 32.99B tokens
Step 31,480 | Loss 1.8920 | LR 8.82e-05 | Tokens/s  214,054 | Total 33.01B tokens
Step 31,500 | Loss 1.9566 | LR 8.80e-05 | Tokens/s  213,610 | Total 33.03B tokens
Step 31,520 | Loss 1.9421 | LR 8.79e-05 | Tokens/s  214,121 | Total 33.05B tokens
Step 31,540 | Loss 1.8808 | LR 8.77e-05 | Tokens/s  213,642 | Total 33.07B tokens
Step 31,560 | Loss 1.8846 | LR 8.75e-05 | Tokens/s  213,992 | Total 33.09B tokens
Step 31,580 | Loss 1.9029 | LR 8.74e-05 | Tokens/s  214,057 | Total 33.11B tokens
Step 31,600 | Loss 1.9835 | LR 8.72e-05 | Tokens/s  213,527 | Total 33.14B tokens
Step 31,620 | Loss 1.8381 | LR 8.71e-05 | Tokens/s  213,033 | Total 33.16B tokens
Step 31,640 | Loss 1.9974 | LR 8.69e-05 | Tokens/s  213,992 | Total 33.18B tokens
Step 31,660 | Loss 2.0045 | LR 8.68e-05 | Tokens/s  213,978 | Total 33.20B tokens
Step 31,680 | Loss 1.8932 | LR 8.66e-05 | Tokens/s  213,501 | Total 33.22B tokens
Step 31,700 | Loss 1.9578 | LR 8.64e-05 | Tokens/s  213,302 | Total 33.24B tokens
Step 31,720 | Loss 1.9270 | LR 8.63e-05 | Tokens/s  213,519 | Total 33.26B tokens
Step 31,740 | Loss 1.8408 | LR 8.61e-05 | Tokens/s  213,988 | Total 33.28B tokens
Step 31,760 | Loss 1.9876 | LR 8.60e-05 | Tokens/s  214,040 | Total 33.30B tokens
Step 31,780 | Loss 1.9696 | LR 8.58e-05 | Tokens/s  213,075 | Total 33.32B tokens
Step 31,800 | Loss 1.9605 | LR 8.57e-05 | Tokens/s  213,790 | Total 33.34B tokens
Step 31,820 | Loss 1.8892 | LR 8.55e-05 | Tokens/s  214,043 | Total 33.37B tokens
Step 31,840 | Loss 1.8878 | LR 8.53e-05 | Tokens/s  213,150 | Total 33.39B tokens
Step 31,860 | Loss 1.8625 | LR 8.52e-05 | Tokens/s  214,010 | Total 33.41B tokens
Step 31,880 | Loss 1.9860 | LR 8.50e-05 | Tokens/s  213,017 | Total 33.43B tokens
Step 31,900 | Loss 1.8414 | LR 8.49e-05 | Tokens/s  213,945 | Total 33.45B tokens
Step 31,920 | Loss 1.8913 | LR 8.47e-05 | Tokens/s  213,282 | Total 33.47B tokens
Step 31,940 | Loss 1.7974 | LR 8.46e-05 | Tokens/s  213,434 | Total 33.49B tokens
Step 31,960 | Loss 1.9369 | LR 8.44e-05 | Tokens/s  213,519 | Total 33.51B tokens
Step 31,980 | Loss 1.9055 | LR 8.43e-05 | Tokens/s  213,992 | Total 33.53B tokens
Step 32,000 | Loss 1.8232 | LR 8.41e-05 | Tokens/s  213,989 | Total 33.55B tokens
  Validation: Loss 1.9589 | PPL 7.09
  --- samples @ step 32,000 ---
    'Once upon a time' -> , there was a group of friends called the "Middle School Bosses." They wanted to help their students learn more about how their minds work. So, they decided to 
    'The meaning of life is' ->  subjective, and therefore it cannot be objectively defined.\nThe nature of life is subjective, and life is dependent on the individual’s perception. Therefore,
    'In Python, you can' ->  use the built-in lambda function to create loops. Let’s see how. This is how to use a lambda function in Python. This article introduces Python’s lambda functi
    'The theory of relativity states that' ->  the speed of light is always the same no matter what direction you're moving relative to the source of light. For example, a beam of light traveling from the l
    'def fibonacci(n):' -> \n	if n == 0:\n		return 1\n	elif n == 1:\n		return 1\n	else:\n		return fibonacci(n-1) + fibonacci(n-2)\n\nprint(fibonacci(10
  Checkpoint saved: step_32000.pt
Step 32,020 | Loss 1.9406 | LR 8.40e-05 | Tokens/s  175,882 | Total 33.58B tokens
Step 32,040 | Loss 1.9037 | LR 8.38e-05 | Tokens/s  214,126 | Total 33.60B tokens
Step 32,060 | Loss 1.9621 | LR 8.36e-05 | Tokens/s  212,993 | Total 33.62B tokens
Step 32,080 | Loss 1.9615 | LR 8.35e-05 | Tokens/s  214,095 | Total 33.64B tokens
Step 32,100 | Loss 1.8469 | LR 8.33e-05 | Tokens/s  213,946 | Total 33.66B tokens
Step 32,120 | Loss 1.9097 | LR 8.32e-05 | Tokens/s  213,045 | Total 33.68B tokens
Step 32,140 | Loss 2.0498 | LR 8.30e-05 | Tokens/s  213,418 | Total 33.70B tokens
Step 32,160 | Loss 1.9793 | LR 8.29e-05 | Tokens/s  214,183 | Total 33.72B tokens
Step 32,180 | Loss 2.0404 | LR 8.27e-05 | Tokens/s  213,647 | Total 33.74B tokens
Step 32,200 | Loss 1.9489 | LR 8.26e-05 | Tokens/s  214,136 | Total 33.76B tokens
Step 32,220 | Loss 1.9096 | LR 8.24e-05 | Tokens/s  213,648 | Total 33.79B tokens
Step 32,240 | Loss 1.8845 | LR 8.23e-05 | Tokens/s  214,116 | Total 33.81B tokens
Step 32,260 | Loss 1.9127 | LR 8.21e-05 | Tokens/s  214,076 | Total 33.83B tokens
Step 32,280 | Loss 1.9673 | LR 8.20e-05 | Tokens/s  212,672 | Total 33.85B tokens
Step 32,300 | Loss 1.8614 | LR 8.18e-05 | Tokens/s  212,526 | Total 33.87B tokens
Step 32,320 | Loss 1.9266 | LR 8.17e-05 | Tokens/s  214,075 | Total 33.89B tokens
Step 32,340 | Loss 2.0135 | LR 8.15e-05 | Tokens/s  214,004 | Total 33.91B tokens
Step 32,360 | Loss 1.8637 | LR 8.14e-05 | Tokens/s  213,562 | Total 33.93B tokens
Step 32,380 | Loss 1.8244 | LR 8.12e-05 | Tokens/s  213,346 | Total 33.95B tokens
Step 32,400 | Loss 1.7972 | LR 8.11e-05 | Tokens/s  213,575 | Total 33.97B tokens
Step 32,420 | Loss 1.9132 | LR 8.09e-05 | Tokens/s  214,113 | Total 33.99B tokens
Step 32,440 | Loss 1.9005 | LR 8.08e-05 | Tokens/s  214,177 | Total 34.02B tokens
Step 32,460 | Loss 1.9518 | LR 8.06e-05 | Tokens/s  213,175 | Total 34.04B tokens
Step 32,480 | Loss 1.9177 | LR 8.04e-05 | Tokens/s  214,043 | Total 34.06B tokens
Step 32,500 | Loss 1.7438 | LR 8.03e-05 | Tokens/s  214,014 | Total 34.08B tokens
Step 32,520 | Loss 1.8562 | LR 8.01e-05 | Tokens/s  212,482 | Total 34.10B tokens
Step 32,540 | Loss 1.9545 | LR 8.00e-05 | Tokens/s  213,897 | Total 34.12B tokens
Step 32,560 | Loss 1.9777 | LR 7.98e-05 | Tokens/s  213,569 | Total 34.14B tokens
Step 32,580 | Loss 1.9494 | LR 7.97e-05 | Tokens/s  214,000 | Total 34.16B tokens
Step 32,600 | Loss 1.8133 | LR 7.96e-05 | Tokens/s  212,905 | Total 34.18B tokens
Step 32,620 | Loss 1.8737 | LR 7.94e-05 | Tokens/s  213,460 | Total 34.20B tokens
Step 32,640 | Loss 1.8965 | LR 7.93e-05 | Tokens/s  213,715 | Total 34.23B tokens
Step 32,660 | Loss 1.7331 | LR 7.91e-05 | Tokens/s  214,316 | Total 34.25B tokens
Step 32,680 | Loss 1.9680 | LR 7.90e-05 | Tokens/s  214,198 | Total 34.27B tokens
Step 32,700 | Loss 1.9783 | LR 7.88e-05 | Tokens/s  213,801 | Total 34.29B tokens
Step 32,720 | Loss 1.9413 | LR 7.87e-05 | Tokens/s  214,299 | Total 34.31B tokens
Step 32,740 | Loss 1.8862 | LR 7.85e-05 | Tokens/s  213,650 | Total 34.33B tokens
Step 32,760 | Loss 1.7650 | LR 7.84e-05 | Tokens/s  213,612 | Total 34.35B tokens
Step 32,780 | Loss 1.8374 | LR 7.82e-05 | Tokens/s  214,314 | Total 34.37B tokens
Step 32,800 | Loss 1.8512 | LR 7.81e-05 | Tokens/s  213,509 | Total 34.39B tokens
Step 32,820 | Loss 1.9141 | LR 7.79e-05 | Tokens/s  213,649 | Total 34.41B tokens
Step 32,840 | Loss 1.9062 | LR 7.78e-05 | Tokens/s  213,536 | Total 34.44B tokens
Step 32,860 | Loss 1.8257 | LR 7.76e-05 | Tokens/s  214,316 | Total 34.46B tokens
Step 32,880 | Loss 1.9000 | LR 7.75e-05 | Tokens/s  213,719 | Total 34.48B tokens
Step 32,900 | Loss 1.9879 | LR 7.73e-05 | Tokens/s  213,629 | Total 34.50B tokens
Step 32,920 | Loss 1.9058 | LR 7.72e-05 | Tokens/s  214,087 | Total 34.52B tokens
Step 32,940 | Loss 1.8748 | LR 7.70e-05 | Tokens/s  214,141 | Total 34.54B tokens
Step 32,960 | Loss 2.0264 | LR 7.69e-05 | Tokens/s  213,569 | Total 34.56B tokens
Step 32,980 | Loss 1.9199 | LR 7.67e-05 | Tokens/s  213,409 | Total 34.58B tokens
Step 33,000 | Loss 2.0580 | LR 7.66e-05 | Tokens/s  214,127 | Total 34.60B tokens
  Validation: Loss 1.8108 | PPL 6.12
  --- samples @ step 33,000 ---
    'Once upon a time' ->  in a beautiful forest, there lived many happy little animals who loved each other very much. They spent their days playing together, sharing toys, and helping 
    'The meaning of life is' ->  to learn how to live. (Nirvana is the teaching) ― Gautama Buddha\n\nSo, if we say that we learn how to live, what does it mean? Is it living a life that is not
    'In Python, you can' ->  use the "lambda" function to create anonymous functions. The lambda() function is very powerful and can be used in almost every situation in Python. In Python,
    'The theory of relativity states that' ->  the laws of physics are the same for all observers in uniform motion relative to each other and that the speed of light is the same in all inertial reference f
    'def fibonacci(n):' -> \n        if n <= 1:\n            return n\n        else:\n            return fibonacci(n-1) + fibonacci(n-2)\n\n\ndef fibonacci_1(n):\n    # Fibonacci series\n
  New best model saved (val_loss=1.8108)
  Checkpoint saved: step_33000.pt
Step 33,020 | Loss 1.8843 | LR 7.65e-05 | Tokens/s  154,916 | Total 34.62B tokens
Step 33,040 | Loss 1.8094 | LR 7.63e-05 | Tokens/s  213,667 | Total 34.64B tokens
Step 33,060 | Loss 1.9031 | LR 7.62e-05 | Tokens/s  214,090 | Total 34.67B tokens
Step 33,080 | Loss 1.9238 | LR 7.60e-05 | Tokens/s  213,572 | Total 34.69B tokens
Step 33,100 | Loss 1.8783 | LR 7.59e-05 | Tokens/s  213,014 | Total 34.71B tokens
Step 33,120 | Loss 1.9659 | LR 7.57e-05 | Tokens/s  213,985 | Total 34.73B tokens
Step 33,140 | Loss 1.8979 | LR 7.56e-05 | Tokens/s  213,343 | Total 34.75B tokens
Step 33,160 | Loss 1.9653 | LR 7.54e-05 | Tokens/s  213,539 | Total 34.77B tokens
Step 33,180 | Loss 1.8550 | LR 7.53e-05 | Tokens/s  213,466 | Total 34.79B tokens
Step 33,200 | Loss 1.8750 | LR 7.52e-05 | Tokens/s  214,148 | Total 34.81B tokens
Step 33,220 | Loss 1.8854 | LR 7.50e-05 | Tokens/s  213,604 | Total 34.83B tokens
Step 33,240 | Loss 1.9582 | LR 7.49e-05 | Tokens/s  214,268 | Total 34.85B tokens
Step 33,260 | Loss 2.0040 | LR 7.47e-05 | Tokens/s  213,663 | Total 34.88B tokens
Step 33,280 | Loss 1.9540 | LR 7.46e-05 | Tokens/s  214,268 | Total 34.90B tokens
Step 33,300 | Loss 1.8819 | LR 7.44e-05 | Tokens/s  214,272 | Total 34.92B tokens
Step 33,320 | Loss 1.9002 | LR 7.43e-05 | Tokens/s  213,007 | Total 34.94B tokens
Step 33,340 | Loss 1.9478 | LR 7.42e-05 | Tokens/s  213,547 | Total 34.96B tokens
Step 33,360 | Loss 1.8677 | LR 7.40e-05 | Tokens/s  213,867 | Total 34.98B tokens
Step 33,380 | Loss 1.8956 | LR 7.39e-05 | Tokens/s  213,698 | Total 35.00B tokens
Step 33,400 | Loss 1.9537 | LR 7.37e-05 | Tokens/s  214,285 | Total 35.02B tokens
Step 33,420 | Loss 1.8952 | LR 7.36e-05 | Tokens/s  213,102 | Total 35.04B tokens
Step 33,440 | Loss 1.9375 | LR 7.34e-05 | Tokens/s  214,277 | Total 35.06B tokens
Step 33,460 | Loss 1.9029 | LR 7.33e-05 | Tokens/s  214,245 | Total 35.09B tokens
Step 33,480 | Loss 1.8284 | LR 7.32e-05 | Tokens/s  213,801 | Total 35.11B tokens
Step 33,500 | Loss 1.8934 | LR 7.30e-05 | Tokens/s  213,906 | Total 35.13B tokens
Step 33,520 | Loss 1.8562 | LR 7.29e-05 | Tokens/s  214,214 | Total 35.15B tokens
Step 33,540 | Loss 1.7676 | LR 7.27e-05 | Tokens/s  214,120 | Total 35.17B tokens
Step 33,560 | Loss 1.8332 | LR 7.26e-05 | Tokens/s  213,181 | Total 35.19B tokens
Step 33,580 | Loss 1.8057 | LR 7.25e-05 | Tokens/s  214,209 | Total 35.21B tokens
Step 33,600 | Loss 1.9847 | LR 7.23e-05 | Tokens/s  213,687 | Total 35.23B tokens
Step 33,620 | Loss 1.9945 | LR 7.22e-05 | Tokens/s  214,144 | Total 35.25B tokens
Step 33,640 | Loss 1.9301 | LR 7.20e-05 | Tokens/s  213,015 | Total 35.27B tokens
Step 33,660 | Loss 1.9792 | LR 7.19e-05 | Tokens/s  213,180 | Total 35.30B tokens
Step 33,680 | Loss 1.9823 | LR 7.18e-05 | Tokens/s  214,260 | Total 35.32B tokens
Step 33,700 | Loss 2.0170 | LR 7.16e-05 | Tokens/s  214,314 | Total 35.34B tokens
Step 33,720 | Loss 1.8200 | LR 7.15e-05 | Tokens/s  213,612 | Total 35.36B tokens
Step 33,740 | Loss 1.9209 | LR 7.13e-05 | Tokens/s  214,348 | Total 35.38B tokens
Step 33,760 | Loss 1.8517 | LR 7.12e-05 | Tokens/s  213,974 | Total 35.40B tokens
Step 33,780 | Loss 2.0646 | LR 7.11e-05 | Tokens/s  213,414 | Total 35.42B tokens
Step 33,800 | Loss 1.8903 | LR 7.09e-05 | Tokens/s  214,437 | Total 35.44B tokens
Step 33,820 | Loss 1.9472 | LR 7.08e-05 | Tokens/s  213,963 | Total 35.46B tokens
Step 33,840 | Loss 1.9925 | LR 7.06e-05 | Tokens/s  213,708 | Total 35.48B tokens
Step 33,860 | Loss 1.9141 | LR 7.05e-05 | Tokens/s  213,292 | Total 35.50B tokens
Step 33,880 | Loss 1.8617 | LR 7.04e-05 | Tokens/s  214,364 | Total 35.53B tokens
Step 33,900 | Loss 1.8997 | LR 7.02e-05 | Tokens/s  213,867 | Total 35.55B tokens
Step 33,920 | Loss 1.8102 | LR 7.01e-05 | Tokens/s  214,356 | Total 35.57B tokens
Step 33,940 | Loss 1.9365 | LR 7.00e-05 | Tokens/s  213,957 | Total 35.59B tokens
Step 33,960 | Loss 1.9455 | LR 6.98e-05 | Tokens/s  214,396 | Total 35.61B tokens
Step 33,980 | Loss 1.9518 | LR 6.97e-05 | Tokens/s  214,442 | Total 35.63B tokens
Step 34,000 | Loss 1.9481 | LR 6.95e-05 | Tokens/s  213,885 | Total 35.65B tokens
  Validation: Loss 1.8822 | PPL 6.57
  --- samples @ step 34,000 ---
    'Once upon a time' -> , there was a young boy named John who used a wheelchair to get around. But when he was older, he realized that he had a special talent. He could paint beautifu
    'The meaning of life is' ->  a mystery, but we can find some clues.\nYou don't have to take any particular religion or doctrine to see that the world doesn't end. This quote is from the mo
    'In Python, you can' ->  use the built-in `enumerate` function to count the number of elements in an iterable. The `enumerate` function takes two arguments: the starting indices and th
    'The theory of relativity states that' ->  moving objects with respect to each other are accelerated by the force of gravity, that is, the more massive an object is, the greater its acceleration.  This 
    'def fibonacci(n):' -> \n		if n < 2: return n\n		return fibonacci(n-1) + fibonacci(n-2)\n\nprint(fibonacci(10)) from typing import Dict, Optional\n\nimport dill\nimport numpy as np\n\
  Checkpoint saved: step_34000.pt
Step 34,020 | Loss 2.0017 | LR 6.94e-05 | Tokens/s  169,939 | Total 35.67B tokens
Step 34,040 | Loss 1.9551 | LR 6.93e-05 | Tokens/s  214,294 | Total 35.69B tokens
Step 34,060 | Loss 1.8772 | LR 6.91e-05 | Tokens/s  214,087 | Total 35.71B tokens
Step 34,080 | Loss 2.0634 | LR 6.90e-05 | Tokens/s  213,738 | Total 35.74B tokens
Step 34,100 | Loss 1.9413 | LR 6.89e-05 | Tokens/s  212,777 | Total 35.76B tokens
Step 34,120 | Loss 1.9390 | LR 6.87e-05 | Tokens/s  214,110 | Total 35.78B tokens
Step 34,140 | Loss 1.9333 | LR 6.86e-05 | Tokens/s  214,015 | Total 35.80B tokens
Step 34,160 | Loss 2.0725 | LR 6.85e-05 | Tokens/s  213,260 | Total 35.82B tokens
Step 34,180 | Loss 1.9842 | LR 6.83e-05 | Tokens/s  213,713 | Total 35.84B tokens
Step 34,200 | Loss 1.8608 | LR 6.82e-05 | Tokens/s  214,102 | Total 35.86B tokens
Step 34,220 | Loss 1.9809 | LR 6.81e-05 | Tokens/s  214,151 | Total 35.88B tokens
Step 34,240 | Loss 1.8396 | LR 6.79e-05 | Tokens/s  213,178 | Total 35.90B tokens
Step 34,260 | Loss 2.0586 | LR 6.78e-05 | Tokens/s  214,529 | Total 35.92B tokens
Step 34,280 | Loss 1.9202 | LR 6.77e-05 | Tokens/s  213,869 | Total 35.95B tokens
Step 34,300 | Loss 1.8891 | LR 6.75e-05 | Tokens/s  214,112 | Total 35.97B tokens
Step 34,320 | Loss 1.8902 | LR 6.74e-05 | Tokens/s  213,009 | Total 35.99B tokens
Step 34,340 | Loss 2.0145 | LR 6.73e-05 | Tokens/s  212,527 | Total 36.01B tokens
Step 34,360 | Loss 1.8108 | LR 6.71e-05 | Tokens/s  213,007 | Total 36.03B tokens
Step 34,380 | Loss 1.8965 | LR 6.70e-05 | Tokens/s  214,310 | Total 36.05B tokens
Step 34,400 | Loss 1.8517 | LR 6.69e-05 | Tokens/s  214,295 | Total 36.07B tokens
Step 34,420 | Loss 1.7988 | LR 6.67e-05 | Tokens/s  213,348 | Total 36.09B tokens
Step 34,440 | Loss 1.9064 | LR 6.66e-05 | Tokens/s  212,475 | Total 36.11B tokens
Step 34,460 | Loss 1.7347 | LR 6.65e-05 | Tokens/s  213,043 | Total 36.13B tokens
Step 34,480 | Loss 1.8299 | LR 6.63e-05 | Tokens/s  213,697 | Total 36.15B tokens
Step 34,500 | Loss 1.8877 | LR 6.62e-05 | Tokens/s  212,433 | Total 36.18B tokens
Step 34,520 | Loss 1.9556 | LR 6.61e-05 | Tokens/s  213,188 | Total 36.20B tokens
Step 34,540 | Loss 1.9232 | LR 6.59e-05 | Tokens/s  212,940 | Total 36.22B tokens
Step 34,560 | Loss 1.7776 | LR 6.58e-05 | Tokens/s  213,728 | Total 36.24B tokens
Step 34,580 | Loss 1.9408 | LR 6.57e-05 | Tokens/s  213,900 | Total 36.26B tokens
Step 34,600 | Loss 1.8425 | LR 6.55e-05 | Tokens/s  214,440 | Total 36.28B tokens
Step 34,620 | Loss 1.8683 | LR 6.54e-05 | Tokens/s  213,982 | Total 36.30B tokens
Step 34,640 | Loss 1.9238 | LR 6.53e-05 | Tokens/s  214,442 | Total 36.32B tokens
Step 34,660 | Loss 1.9623 | LR 6.52e-05 | Tokens/s  214,271 | Total 36.34B tokens
Step 34,680 | Loss 1.8496 | LR 6.50e-05 | Tokens/s  213,668 | Total 36.36B tokens
Step 34,700 | Loss 1.9001 | LR 6.49e-05 | Tokens/s  213,272 | Total 36.39B tokens
Step 34,720 | Loss 1.8130 | LR 6.48e-05 | Tokens/s  214,066 | Total 36.41B tokens
Step 34,740 | Loss 1.8542 | LR 6.46e-05 | Tokens/s  214,112 | Total 36.43B tokens
Step 34,760 | Loss 1.9139 | LR 6.45e-05 | Tokens/s  213,646 | Total 36.45B tokens
Step 34,780 | Loss 2.0129 | LR 6.44e-05 | Tokens/s  213,619 | Total 36.47B tokens
Step 34,800 | Loss 1.8069 | LR 6.43e-05 | Tokens/s  213,781 | Total 36.49B tokens
Step 34,820 | Loss 1.8644 | LR 6.41e-05 | Tokens/s  214,082 | Total 36.51B tokens
Step 34,840 | Loss 1.8695 | LR 6.40e-05 | Tokens/s  214,274 | Total 36.53B tokens
Step 34,860 | Loss 1.8674 | LR 6.39e-05 | Tokens/s  213,618 | Total 36.55B tokens
Step 34,880 | Loss 1.8757 | LR 6.37e-05 | Tokens/s  214,417 | Total 36.57B tokens
Step 34,900 | Loss 2.0252 | LR 6.36e-05 | Tokens/s  214,469 | Total 36.60B tokens
Step 34,920 | Loss 1.7933 | LR 6.35e-05 | Tokens/s  213,479 | Total 36.62B tokens
Step 34,940 | Loss 2.0439 | LR 6.34e-05 | Tokens/s  214,450 | Total 36.64B tokens
Step 34,960 | Loss 1.8483 | LR 6.32e-05 | Tokens/s  214,041 | Total 36.66B tokens
Step 34,980 | Loss 1.9410 | LR 6.31e-05 | Tokens/s  214,466 | Total 36.68B tokens
Step 35,000 | Loss 1.8423 | LR 6.30e-05 | Tokens/s  213,901 | Total 36.70B tokens
  Validation: Loss 1.8847 | PPL 6.58
  --- samples @ step 35,000 ---
    'Once upon a time' -> , you and I were not a part of a big group. You were just a kid, and I was the leader of a group of friends.\n\nSuddenly, a whole new world opened up around us.
    'The meaning of life is' ->  to find the meaning to life!\n\nThere is a lot of information in the Bible about finding God, and it seems to be a simple concept, but it's not easy to find. \
    'In Python, you can' ->  create a class that has a member variable which is 1 if the letter is in the alphabet and 0 otherwise. (We could use the built-in `len()` function instead to c
    'The theory of relativity states that' ->  the laws of physics are the same in all places.\n\n• 0\nWhat do you mean by it?\n\n• 0\n\n• 1\nThe theory of relativity states that the laws of physics are the
    'def fibonacci(n):' ->  return n==0 and n==1 and n==2 and n==3 and n==4 and n==5 and n==6 and n==7 and n==8 and n==9\n    def h(n): return n==9 and n==8 and n==7 and n==6 and
  Checkpoint saved: step_35000.pt
Step 35,020 | Loss 1.9316 | LR 6.29e-05 | Tokens/s  177,545 | Total 36.72B tokens
Step 35,040 | Loss 1.8869 | LR 6.27e-05 | Tokens/s  213,855 | Total 36.74B tokens
Step 35,060 | Loss 1.7961 | LR 6.26e-05 | Tokens/s  214,250 | Total 36.76B tokens
Step 35,080 | Loss 1.8908 | LR 6.25e-05 | Tokens/s  213,647 | Total 36.78B tokens
Step 35,100 | Loss 1.8349 | LR 6.24e-05 | Tokens/s  213,941 | Total 36.81B tokens
Step 35,120 | Loss 1.8890 | LR 6.22e-05 | Tokens/s  214,357 | Total 36.83B tokens
Step 35,140 | Loss 1.8582 | LR 6.21e-05 | Tokens/s  213,959 | Total 36.85B tokens
Step 35,160 | Loss 1.8800 | LR 6.20e-05 | Tokens/s  214,430 | Total 36.87B tokens
Step 35,180 | Loss 1.8843 | LR 6.19e-05 | Tokens/s  214,456 | Total 36.89B tokens
Step 35,200 | Loss 1.9652 | LR 6.17e-05 | Tokens/s  213,933 | Total 36.91B tokens
Step 35,220 | Loss 1.9073 | LR 6.16e-05 | Tokens/s  214,005 | Total 36.93B tokens
Step 35,240 | Loss 1.8691 | LR 6.15e-05 | Tokens/s  213,859 | Total 36.95B tokens
Step 35,260 | Loss 1.8817 | LR 6.14e-05 | Tokens/s  214,532 | Total 36.97B tokens
Step 35,280 | Loss 1.8938 | LR 6.12e-05 | Tokens/s  214,034 | Total 36.99B tokens
Step 35,300 | Loss 1.8278 | LR 6.11e-05 | Tokens/s  214,060 | Total 37.01B tokens
Step 35,320 | Loss 1.7559 | LR 6.10e-05 | Tokens/s  213,886 | Total 37.04B tokens
Step 35,340 | Loss 1.9652 | LR 6.09e-05 | Tokens/s  214,576 | Total 37.06B tokens
Step 35,360 | Loss 1.8465 | LR 6.07e-05 | Tokens/s  214,016 | Total 37.08B tokens
Step 35,380 | Loss 1.9954 | LR 6.06e-05 | Tokens/s  214,181 | Total 37.10B tokens
Step 35,400 | Loss 1.8699 | LR 6.05e-05 | Tokens/s  214,506 | Total 37.12B tokens
Step 35,420 | Loss 1.8696 | LR 6.04e-05 | Tokens/s  214,461 | Total 37.14B tokens
Step 35,440 | Loss 2.0255 | LR 6.03e-05 | Tokens/s  214,152 | Total 37.16B tokens
Step 35,460 | Loss 1.8412 | LR 6.01e-05 | Tokens/s  213,775 | Total 37.18B tokens
Step 35,480 | Loss 1.8295 | LR 6.00e-05 | Tokens/s  214,018 | Total 37.20B tokens
Step 35,500 | Loss 1.9658 | LR 5.99e-05 | Tokens/s  214,520 | Total 37.22B tokens
Step 35,520 | Loss 1.8961 | LR 5.98e-05 | Tokens/s  214,366 | Total 37.25B tokens
Step 35,540 | Loss 1.9502 | LR 5.96e-05 | Tokens/s  213,131 | Total 37.27B tokens
Step 35,560 | Loss 1.8808 | LR 5.95e-05 | Tokens/s  213,472 | Total 37.29B tokens
Step 35,580 | Loss 1.8714 | LR 5.94e-05 | Tokens/s  214,226 | Total 37.31B tokens
Step 35,600 | Loss 1.9210 | LR 5.93e-05 | Tokens/s  214,073 | Total 37.33B tokens
Step 35,620 | Loss 1.8639 | LR 5.92e-05 | Tokens/s  213,181 | Total 37.35B tokens
Step 35,640 | Loss 1.8534 | LR 5.90e-05 | Tokens/s  213,615 | Total 37.37B tokens
Step 35,660 | Loss 1.9727 | LR 5.89e-05 | Tokens/s  213,977 | Total 37.39B tokens
Step 35,680 | Loss 1.8892 | LR 5.88e-05 | Tokens/s  213,958 | Total 37.41B tokens
Step 35,700 | Loss 1.8721 | LR 5.87e-05 | Tokens/s  212,761 | Total 37.43B tokens
Step 35,720 | Loss 1.8837 | LR 5.86e-05 | Tokens/s  213,417 | Total 37.46B tokens
Step 35,740 | Loss 1.7879 | LR 5.85e-05 | Tokens/s  214,191 | Total 37.48B tokens
Step 35,760 | Loss 1.8704 | LR 5.83e-05 | Tokens/s  214,221 | Total 37.50B tokens
Step 35,780 | Loss 1.8610 | LR 5.82e-05 | Tokens/s  212,760 | Total 37.52B tokens
Step 35,800 | Loss 1.8974 | LR 5.81e-05 | Tokens/s  214,159 | Total 37.54B tokens
Step 35,820 | Loss 1.8547 | LR 5.80e-05 | Tokens/s  213,712 | Total 37.56B tokens
Step 35,840 | Loss 1.8780 | LR 5.79e-05 | Tokens/s  214,330 | Total 37.58B tokens
Step 35,860 | Loss 1.9367 | LR 5.77e-05 | Tokens/s  214,472 | Total 37.60B tokens
Step 35,880 | Loss 2.0123 | LR 5.76e-05 | Tokens/s  213,919 | Total 37.62B tokens
Step 35,900 | Loss 2.0802 | LR 5.75e-05 | Tokens/s  213,544 | Total 37.64B tokens
Step 35,920 | Loss 1.9468 | LR 5.74e-05 | Tokens/s  213,834 | Total 37.66B tokens
Step 35,940 | Loss 1.7810 | LR 5.73e-05 | Tokens/s  214,507 | Total 37.69B tokens
Step 35,960 | Loss 1.7555 | LR 5.72e-05 | Tokens/s  213,290 | Total 37.71B tokens
Step 35,980 | Loss 1.9438 | LR 5.70e-05 | Tokens/s  214,112 | Total 37.73B tokens
Step 36,000 | Loss 1.8135 | LR 5.69e-05 | Tokens/s  213,819 | Total 37.75B tokens
  Validation: Loss 1.9258 | PPL 6.86
  --- samples @ step 36,000 ---
    'Once upon a time' -> , when I was in a post-grad program, one of the people had a project which was similar to this. It wasn’t too long until we were working on it and I couldn’t wr
    'The meaning of life is' ->  the good life,\nand the meanest of all is this: the good life is to\nlive for others, to do all they can to help them,\nand to love them as they love themselve
    'In Python, you can' ->  use the built-in input() function with the 'shift' key.\n\n# In[70]:\n\n\n# input('press the keyboard key to read more text)\n\n# In[69]:\n\n\n# In Python, you
    'The theory of relativity states that' ->  the laws of physics are the same for all frames of reference. The speed of light is constant in all frames of reference. This means that you can only measure t
    'def fibonacci(n):' -> \n"""\nFibonacci numbers:\nF(1) = 1\nF(n) = F(n - 1) + F(n - 2).\n"""\ndef fib(n):\n"""\nFibonacci numbers:\nF(n) = F(n
  Checkpoint saved: step_36000.pt
Step 36,020 | Loss 1.8968 | LR 5.68e-05 | Tokens/s  176,791 | Total 37.77B tokens
Step 36,040 | Loss 1.8708 | LR 5.67e-05 | Tokens/s  213,952 | Total 37.79B tokens
Step 36,060 | Loss 1.9831 | LR 5.66e-05 | Tokens/s  213,667 | Total 37.81B tokens
Step 36,080 | Loss 1.8020 | LR 5.65e-05 | Tokens/s  213,730 | Total 37.83B tokens
Step 36,100 | Loss 1.8826 | LR 5.64e-05 | Tokens/s  214,479 | Total 37.85B tokens
Step 36,120 | Loss 1.9190 | LR 5.62e-05 | Tokens/s  214,015 | Total 37.87B tokens
Step 36,140 | Loss 1.9024 | LR 5.61e-05 | Tokens/s  214,545 | Total 37.90B tokens
Step 36,160 | Loss 1.9548 | LR 5.60e-05 | Tokens/s  214,182 | Total 37.92B tokens
Step 36,180 | Loss 1.9630 | LR 5.59e-05 | Tokens/s  214,550 | Total 37.94B tokens
Step 36,200 | Loss 1.9388 | LR 5.58e-05 | Tokens/s  214,533 | Total 37.96B tokens
Step 36,220 | Loss 1.8435 | LR 5.57e-05 | Tokens/s  214,052 | Total 37.98B tokens
Step 36,240 | Loss 2.0052 | LR 5.56e-05 | Tokens/s  213,617 | Total 38.00B tokens
Step 36,260 | Loss 1.9681 | LR 5.54e-05 | Tokens/s  214,529 | Total 38.02B tokens
Step 36,280 | Loss 1.9406 | LR 5.53e-05 | Tokens/s  214,587 | Total 38.04B tokens
Step 36,300 | Loss 1.8674 | LR 5.52e-05 | Tokens/s  214,167 | Total 38.06B tokens
Step 36,320 | Loss 1.8608 | LR 5.51e-05 | Tokens/s  214,009 | Total 38.08B tokens
Step 36,340 | Loss 1.9620 | LR 5.50e-05 | Tokens/s  214,087 | Total 38.11B tokens
Step 36,360 | Loss 1.8531 | LR 5.49e-05 | Tokens/s  214,486 | Total 38.13B tokens
Step 36,380 | Loss 1.8738 | LR 5.48e-05 | Tokens/s  214,392 | Total 38.15B tokens
Step 36,400 | Loss 1.8489 | LR 5.47e-05 | Tokens/s  213,762 | Total 38.17B tokens
Step 36,420 | Loss 1.7594 | LR 5.46e-05 | Tokens/s  213,862 | Total 38.19B tokens
Step 36,440 | Loss 1.9103 | LR 5.44e-05 | Tokens/s  214,488 | Total 38.21B tokens
Step 36,460 | Loss 1.8909 | LR 5.43e-05 | Tokens/s  213,841 | Total 38.23B tokens
Step 36,480 | Loss 1.9378 | LR 5.42e-05 | Tokens/s  214,073 | Total 38.25B tokens
Step 36,500 | Loss 1.9002 | LR 5.41e-05 | Tokens/s  214,188 | Total 38.27B tokens
Step 36,520 | Loss 1.9163 | LR 5.40e-05 | Tokens/s  214,568 | Total 38.29B tokens
Step 36,540 | Loss 1.9328 | LR 5.39e-05 | Tokens/s  213,913 | Total 38.31B tokens
Step 36,560 | Loss 1.8281 | LR 5.38e-05 | Tokens/s  214,106 | Total 38.34B tokens
Step 36,580 | Loss 1.8442 | LR 5.37e-05 | Tokens/s  214,247 | Total 38.36B tokens
Step 36,600 | Loss 1.7945 | LR 5.36e-05 | Tokens/s  214,530 | Total 38.38B tokens
Step 36,620 | Loss 1.8629 | LR 5.35e-05 | Tokens/s  214,615 | Total 38.40B tokens
Step 36,640 | Loss 1.8798 | LR 5.33e-05 | Tokens/s  214,101 | Total 38.42B tokens
Step 36,660 | Loss 1.9926 | LR 5.32e-05 | Tokens/s  214,587 | Total 38.44B tokens
Step 36,680 | Loss 1.9023 | LR 5.31e-05 | Tokens/s  213,561 | Total 38.46B tokens
Step 36,700 | Loss 1.9848 | LR 5.30e-05 | Tokens/s  214,633 | Total 38.48B tokens
Step 36,720 | Loss 1.8378 | LR 5.29e-05 | Tokens/s  214,566 | Total 38.50B tokens
Step 36,740 | Loss 1.9522 | LR 5.28e-05 | Tokens/s  214,085 | Total 38.52B tokens
Step 36,760 | Loss 1.8754 | LR 5.27e-05 | Tokens/s  213,085 | Total 38.55B tokens
Step 36,780 | Loss 1.8805 | LR 5.26e-05 | Tokens/s  214,581 | Total 38.57B tokens
Step 36,800 | Loss 1.8362 | LR 5.25e-05 | Tokens/s  214,580 | Total 38.59B tokens
Step 36,820 | Loss 1.9887 | LR 5.24e-05 | Tokens/s  213,988 | Total 38.61B tokens
Step 36,840 | Loss 1.9461 | LR 5.23e-05 | Tokens/s  214,155 | Total 38.63B tokens
Step 36,860 | Loss 1.9303 | LR 5.22e-05 | Tokens/s  214,638 | Total 38.65B tokens
Step 36,880 | Loss 1.8773 | LR 5.21e-05 | Tokens/s  214,660 | Total 38.67B tokens
Step 36,900 | Loss 1.9105 | LR 5.20e-05 | Tokens/s  214,130 | Total 38.69B tokens
Step 36,920 | Loss 1.9050 | LR 5.19e-05 | Tokens/s  213,645 | Total 38.71B tokens
Step 36,940 | Loss 1.8865 | LR 5.17e-05 | Tokens/s  214,656 | Total 38.73B tokens
Step 36,960 | Loss 1.9959 | LR 5.16e-05 | Tokens/s  214,629 | Total 38.76B tokens
Step 36,980 | Loss 1.9076 | LR 5.15e-05 | Tokens/s  214,220 | Total 38.78B tokens
Step 37,000 | Loss 1.8111 | LR 5.14e-05 | Tokens/s  213,992 | Total 38.80B tokens
  Validation: Loss 1.9795 | PPL 7.24
  --- samples @ step 37,000 ---
    'Once upon a time' -> … (1 min.)\n\n    “The people who live in the north and south are like two different people,” says Wade. “One is the person who lives in the north. The other is
    'The meaning of life is' ->  what matters to you?\n\nI don’t have an answer to that for you because I don’t understand what the question is asking for. I don’t know what you mean by “what 
    'In Python, you can' ->  use a while loop to iterate over elements in a list. The while loop allows us to execute a block of code repeatedly as long as a certain condition is true.\n\n
    'The theory of relativity states that' ->  light is always moving in a straight line at the speed of light, and so any phenomenon that is viewed from the earth’s surface will be perceived to have a diff
    'def fibonacci(n):' -> \n    global fibo\n    if n <= 1:\n        return 1\n    else:\n        return fibo[n-1] + fibo[n-2]\n\n\nif __name__ == '__main__':\n    for i in range(1000
  Checkpoint saved: step_37000.pt
Step 37,020 | Loss 1.8845 | LR 5.13e-05 | Tokens/s  177,879 | Total 38.82B tokens
Step 37,040 | Loss 1.7764 | LR 5.12e-05 | Tokens/s  214,557 | Total 38.84B tokens
Step 37,060 | Loss 1.7743 | LR 5.11e-05 | Tokens/s  214,494 | Total 38.86B tokens
Step 37,080 | Loss 1.9526 | LR 5.10e-05 | Tokens/s  213,612 | Total 38.88B tokens
Step 37,100 | Loss 1.8880 | LR 5.09e-05 | Tokens/s  213,764 | Total 38.90B tokens
Step 37,120 | Loss 1.8292 | LR 5.08e-05 | Tokens/s  214,600 | Total 38.92B tokens
Step 37,140 | Loss 1.8484 | LR 5.07e-05 | Tokens/s  214,553 | Total 38.94B tokens
Step 37,160 | Loss 1.9371 | LR 5.06e-05 | Tokens/s  213,784 | Total 38.97B tokens
Step 37,180 | Loss 1.9633 | LR 5.05e-05 | Tokens/s  214,000 | Total 38.99B tokens
Step 37,200 | Loss 1.8195 | LR 5.04e-05 | Tokens/s  214,443 | Total 39.01B tokens
Step 37,220 | Loss 1.9471 | LR 5.03e-05 | Tokens/s  213,952 | Total 39.03B tokens
Step 37,240 | Loss 1.7584 | LR 5.02e-05 | Tokens/s  213,844 | Total 39.05B tokens
Step 37,260 | Loss 1.8715 | LR 5.01e-05 | Tokens/s  213,982 | Total 39.07B tokens
Step 37,280 | Loss 1.8981 | LR 5.00e-05 | Tokens/s  214,557 | Total 39.09B tokens
Step 37,300 | Loss 1.8614 | LR 4.99e-05 | Tokens/s  214,503 | Total 39.11B tokens
Step 37,320 | Loss 1.7934 | LR 4.98e-05 | Tokens/s  213,242 | Total 39.13B tokens
Step 37,340 | Loss 1.9188 | LR 4.97e-05 | Tokens/s  214,542 | Total 39.15B tokens
Step 37,360 | Loss 1.9090 | LR 4.96e-05 | Tokens/s  213,838 | Total 39.17B tokens
Step 37,380 | Loss 1.9251 | LR 4.95e-05 | Tokens/s  214,618 | Total 39.20B tokens
Step 37,400 | Loss 1.8125 | LR 4.94e-05 | Tokens/s  214,572 | Total 39.22B tokens
Step 37,420 | Loss 2.0324 | LR 4.93e-05 | Tokens/s  213,764 | Total 39.24B tokens
Step 37,440 | Loss 1.9099 | LR 4.92e-05 | Tokens/s  213,961 | Total 39.26B tokens
Step 37,460 | Loss 2.0375 | LR 4.91e-05 | Tokens/s  213,915 | Total 39.28B tokens
Step 37,480 | Loss 1.9389 | LR 4.90e-05 | Tokens/s  214,465 | Total 39.30B tokens
Step 37,500 | Loss 1.9077 | LR 4.89e-05 | Tokens/s  213,751 | Total 39.32B tokens
Step 37,520 | Loss 1.8622 | LR 4.88e-05 | Tokens/s  213,903 | Total 39.34B tokens
Step 37,540 | Loss 1.9013 | LR 4.87e-05 | Tokens/s  213,722 | Total 39.36B tokens
Step 37,560 | Loss 1.8447 | LR 4.86e-05 | Tokens/s  214,400 | Total 39.38B tokens
Step 37,580 | Loss 1.9352 | LR 4.85e-05 | Tokens/s  213,880 | Total 39.41B tokens
Step 37,600 | Loss 1.9835 | LR 4.84e-05 | Tokens/s  214,481 | Total 39.43B tokens
Step 37,620 | Loss 1.7990 | LR 4.83e-05 | Tokens/s  214,012 | Total 39.45B tokens
Step 37,640 | Loss 1.9139 | LR 4.82e-05 | Tokens/s  214,434 | Total 39.47B tokens
Step 37,660 | Loss 1.9149 | LR 4.81e-05 | Tokens/s  214,459 | Total 39.49B tokens
Step 37,680 | Loss 1.8726 | LR 4.80e-05 | Tokens/s  213,586 | Total 39.51B tokens
Step 37,700 | Loss 1.8347 | LR 4.79e-05 | Tokens/s  213,949 | Total 39.53B tokens
Step 37,720 | Loss 1.8793 | LR 4.78e-05 | Tokens/s  214,392 | Total 39.55B tokens
Step 37,740 | Loss 1.8942 | LR 4.77e-05 | Tokens/s  214,401 | Total 39.57B tokens
Step 37,760 | Loss 1.9818 | LR 4.76e-05 | Tokens/s  213,291 | Total 39.59B tokens
Step 37,780 | Loss 1.9237 | LR 4.75e-05 | Tokens/s  213,902 | Total 39.62B tokens
Step 37,800 | Loss 1.8630 | LR 4.75e-05 | Tokens/s  214,527 | Total 39.64B tokens
Step 37,820 | Loss 1.8695 | LR 4.74e-05 | Tokens/s  214,523 | Total 39.66B tokens
Step 37,840 | Loss 1.8853 | LR 4.73e-05 | Tokens/s  213,802 | Total 39.68B tokens
Step 37,860 | Loss 1.9007 | LR 4.72e-05 | Tokens/s  214,444 | Total 39.70B tokens
Step 37,880 | Loss 1.8474 | LR 4.71e-05 | Tokens/s  213,964 | Total 39.72B tokens
Step 37,900 | Loss 1.8576 | LR 4.70e-05 | Tokens/s  214,461 | Total 39.74B tokens
Step 37,920 | Loss 1.8237 | LR 4.69e-05 | Tokens/s  214,054 | Total 39.76B tokens
Step 37,940 | Loss 2.0081 | LR 4.68e-05 | Tokens/s  213,826 | Total 39.78B tokens
Step 37,960 | Loss 1.9661 | LR 4.67e-05 | Tokens/s  214,082 | Total 39.80B tokens
Step 37,980 | Loss 1.9851 | LR 4.66e-05 | Tokens/s  214,613 | Total 39.82B tokens
Step 38,000 | Loss 1.8317 | LR 4.65e-05 | Tokens/s  214,027 | Total 39.85B tokens
  Validation: Loss 1.7481 | PPL 5.74
  --- samples @ step 38,000 ---
    'Once upon a time' -> , in a land far, far away, there was a little bird named Sammy. Sammy lived in a beautiful forest filled with tall trees, colorful flowers, and friendly animals
    'The meaning of life is' ->  difficult and beyond my understanding!\n\n  1. Lack of meaning doesn't mean I don't want to. There are various ways to look at it, and many people don't. Life 
    'In Python, you can' ->  create a list of numbers by putting them in square brackets. In this post, I’ll show you how to count the number of unique values in a list of numbers. This fu
    'The theory of relativity states that' ->  all objects in the universe move at a constant speed of 300,000 km/s. These are the relativistic dimensions of the universe.\n\nThe following table describes t
    'def fibonacci(n):' ->  return n if n <= 1 else fibonacci(n-1) + fibonacci(n-2)\n```\n\nIn this example, the `fibonacci()` function calculates the nth fibonacci number, which starts a
  New best model saved (val_loss=1.7481)
  Checkpoint saved: step_38000.pt
Step 38,020 | Loss 1.8269 | LR 4.64e-05 | Tokens/s  158,132 | Total 39.87B tokens
Step 38,040 | Loss 1.8211 | LR 4.63e-05 | Tokens/s  213,995 | Total 39.89B tokens
Step 38,060 | Loss 1.9555 | LR 4.62e-05 | Tokens/s  214,650 | Total 39.91B tokens
Step 38,080 | Loss 1.9080 | LR 4.62e-05 | Tokens/s  214,027 | Total 39.93B tokens
Step 38,100 | Loss 1.7463 | LR 4.61e-05 | Tokens/s  213,876 | Total 39.95B tokens
Step 38,120 | Loss 1.8940 | LR 4.60e-05 | Tokens/s  214,007 | Total 39.97B tokens
Step 38,140 | Loss 1.8231 | LR 4.59e-05 | Tokens/s  214,668 | Total 39.99B tokens
Step 38,160 | Loss 1.9649 | LR 4.58e-05 | Tokens/s  214,635 | Total 40.01B tokens
Step 38,180 | Loss 1.8645 | LR 4.57e-05 | Tokens/s  214,016 | Total 40.03B tokens
Step 38,200 | Loss 1.9520 | LR 4.56e-05 | Tokens/s  214,766 | Total 40.06B tokens
Step 38,220 | Loss 1.8685 | LR 4.55e-05 | Tokens/s  213,540 | Total 40.08B tokens
Step 38,240 | Loss 1.8318 | LR 4.54e-05 | Tokens/s  214,752 | Total 40.10B tokens
Step 38,260 | Loss 1.9229 | LR 4.53e-05 | Tokens/s  214,661 | Total 40.12B tokens
Step 38,280 | Loss 1.9957 | LR 4.52e-05 | Tokens/s  213,909 | Total 40.14B tokens
Step 38,300 | Loss 1.9166 | LR 4.52e-05 | Tokens/s  213,695 | Total 40.16B tokens
Step 38,320 | Loss 1.9287 | LR 4.51e-05 | Tokens/s  214,738 | Total 40.18B tokens
Step 38,340 | Loss 1.9230 | LR 4.50e-05 | Tokens/s  214,710 | Total 40.20B tokens
Step 38,360 | Loss 1.9291 | LR 4.49e-05 | Tokens/s  214,301 | Total 40.22B tokens
Step 38,380 | Loss 1.8890 | LR 4.48e-05 | Tokens/s  213,998 | Total 40.24B tokens
Step 38,400 | Loss 1.8116 | LR 4.47e-05 | Tokens/s  214,617 | Total 40.27B tokens
Step 38,420 | Loss 1.8557 | LR 4.46e-05 | Tokens/s  214,585 | Total 40.29B tokens
Step 38,440 | Loss 2.0213 | LR 4.45e-05 | Tokens/s  213,768 | Total 40.31B tokens
Step 38,460 | Loss 1.9249 | LR 4.45e-05 | Tokens/s  213,442 | Total 40.33B tokens
Step 38,480 | Loss 1.8728 | LR 4.44e-05 | Tokens/s  214,714 | Total 40.35B tokens
Step 38,500 | Loss 1.8029 | LR 4.43e-05 | Tokens/s  214,745 | Total 40.37B tokens
Step 38,520 | Loss 1.9407 | LR 4.42e-05 | Tokens/s  213,997 | Total 40.39B tokens
Step 38,540 | Loss 1.8134 | LR 4.41e-05 | Tokens/s  214,161 | Total 40.41B tokens
Step 38,560 | Loss 1.8880 | LR 4.40e-05 | Tokens/s  213,951 | Total 40.43B tokens
Step 38,580 | Loss 1.9561 | LR 4.39e-05 | Tokens/s  214,626 | Total 40.45B tokens
Step 38,600 | Loss 1.8672 | LR 4.39e-05 | Tokens/s  214,485 | Total 40.48B tokens
Step 38,620 | Loss 1.9365 | LR 4.38e-05 | Tokens/s  213,906 | Total 40.50B tokens
Step 38,640 | Loss 1.8669 | LR 4.37e-05 | Tokens/s  213,983 | Total 40.52B tokens
Step 38,660 | Loss 1.8281 | LR 4.36e-05 | Tokens/s  214,525 | Total 40.54B tokens
Step 38,680 | Loss 1.8854 | LR 4.35e-05 | Tokens/s  213,969 | Total 40.56B tokens
Step 38,700 | Loss 1.9747 | LR 4.34e-05 | Tokens/s  214,004 | Total 40.58B tokens
Step 38,720 | Loss 1.8567 | LR 4.33e-05 | Tokens/s  214,045 | Total 40.60B tokens
Step 38,740 | Loss 1.9497 | LR 4.33e-05 | Tokens/s  214,684 | Total 40.62B tokens
Step 38,760 | Loss 1.7852 | LR 4.32e-05 | Tokens/s  214,036 | Total 40.64B tokens
Step 38,780 | Loss 1.9260 | LR 4.31e-05 | Tokens/s  213,926 | Total 40.66B tokens
Step 38,800 | Loss 1.9018 | LR 4.30e-05 | Tokens/s  214,683 | Total 40.68B tokens
Step 38,820 | Loss 1.9489 | LR 4.29e-05 | Tokens/s  214,245 | Total 40.71B tokens
Step 38,840 | Loss 1.9469 | LR 4.29e-05 | Tokens/s  214,666 | Total 40.73B tokens
Step 38,860 | Loss 1.8937 | LR 4.28e-05 | Tokens/s  214,681 | Total 40.75B tokens
Step 38,880 | Loss 1.8706 | LR 4.27e-05 | Tokens/s  214,221 | Total 40.77B tokens
Step 38,900 | Loss 1.9458 | LR 4.26e-05 | Tokens/s  214,000 | Total 40.79B tokens
Step 38,920 | Loss 1.9056 | LR 4.25e-05 | Tokens/s  214,208 | Total 40.81B tokens
Step 38,940 | Loss 1.8383 | LR 4.24e-05 | Tokens/s  214,732 | Total 40.83B tokens
Step 38,960 | Loss 1.8367 | LR 4.24e-05 | Tokens/s  213,953 | Total 40.85B tokens
Step 38,980 | Loss 1.8470 | LR 4.23e-05 | Tokens/s  214,347 | Total 40.87B tokens
Step 39,000 | Loss 1.9508 | LR 4.22e-05 | Tokens/s  214,059 | Total 40.89B tokens
  Validation: Loss 1.8808 | PPL 6.56
  --- samples @ step 39,000 ---
    'Once upon a time' -> , humans used stones as tools to cut holes in the ground for various purposes such as hunting, farming, and building. Over time, these stone tools got smarter, 
    'The meaning of life is' ->  to be the best you, who you are, who you want to be (is), and what you do/believe in.\n48. If you are not the best you, you will be the worst you, and if you a
    'In Python, you can' ->  use the math module to perform mathematical operations more efficiently. 4 x 10-16 5. The standard deviation of a set of scores/observations can be calculated 
    'The theory of relativity states that' ->  the speed of light is equivalent to the speed of an object for an observer located far away. There is no such thing as a speed of light in our universe. This i
    'def fibonacci(n):' ->  return int(n**0.5) print(fibonacci(5)) # 10\n\n  • @Trex- Thanks, I am new to Java, but I would like to try things from a beginner perspective. I'm glad I can 
  Checkpoint saved: step_39000.pt
Step 39,020 | Loss 1.9020 | LR 4.21e-05 | Tokens/s  177,418 | Total 40.92B tokens
Step 39,040 | Loss 1.8171 | LR 4.20e-05 | Tokens/s  214,269 | Total 40.94B tokens
Step 39,060 | Loss 1.9203 | LR 4.20e-05 | Tokens/s  214,061 | Total 40.96B tokens
Step 39,080 | Loss 1.9665 | LR 4.19e-05 | Tokens/s  214,717 | Total 40.98B tokens
Step 39,100 | Loss 2.0474 | LR 4.18e-05 | Tokens/s  214,716 | Total 41.00B tokens
Step 39,120 | Loss 1.8829 | LR 4.17e-05 | Tokens/s  214,009 | Total 41.02B tokens
Step 39,140 | Loss 1.9331 | LR 4.16e-05 | Tokens/s  214,183 | Total 41.04B tokens
Step 39,160 | Loss 2.0063 | LR 4.16e-05 | Tokens/s  214,431 | Total 41.06B tokens
Step 39,180 | Loss 1.7928 | LR 4.15e-05 | Tokens/s  214,767 | Total 41.08B tokens
Step 39,200 | Loss 1.9912 | LR 4.14e-05 | Tokens/s  214,738 | Total 41.10B tokens
Step 39,220 | Loss 1.9681 | LR 4.13e-05 | Tokens/s  213,719 | Total 41.13B tokens
Step 39,240 | Loss 1.9109 | LR 4.13e-05 | Tokens/s  214,045 | Total 41.15B tokens
Step 39,260 | Loss 1.8551 | LR 4.12e-05 | Tokens/s  214,690 | Total 41.17B tokens
Step 39,280 | Loss 1.9531 | LR 4.11e-05 | Tokens/s  214,735 | Total 41.19B tokens
Step 39,300 | Loss 1.8662 | LR 4.10e-05 | Tokens/s  213,980 | Total 41.21B tokens
Step 39,320 | Loss 2.0122 | LR 4.10e-05 | Tokens/s  214,355 | Total 41.23B tokens
Step 39,340 | Loss 1.8833 | LR 4.09e-05 | Tokens/s  214,681 | Total 41.25B tokens
Step 39,360 | Loss 1.8977 | LR 4.08e-05 | Tokens/s  214,151 | Total 41.27B tokens
Step 39,380 | Loss 1.9525 | LR 4.07e-05 | Tokens/s  214,212 | Total 41.29B tokens
Step 39,400 | Loss 1.9106 | LR 4.07e-05 | Tokens/s  214,764 | Total 41.31B tokens
Step 39,420 | Loss 1.8836 | LR 4.06e-05 | Tokens/s  214,007 | Total 41.33B tokens
Step 39,440 | Loss 1.9495 | LR 4.05e-05 | Tokens/s  214,045 | Total 41.36B tokens
Step 39,460 | Loss 1.9076 | LR 4.04e-05 | Tokens/s  214,643 | Total 41.38B tokens
Step 39,480 | Loss 1.9303 | LR 4.04e-05 | Tokens/s  213,867 | Total 41.40B tokens
Step 39,500 | Loss 1.8275 | LR 4.03e-05 | Tokens/s  214,268 | Total 41.42B tokens
Step 39,520 | Loss 1.9010 | LR 4.02e-05 | Tokens/s  214,660 | Total 41.44B tokens
Step 39,540 | Loss 1.8749 | LR 4.01e-05 | Tokens/s  214,722 | Total 41.46B tokens
Step 39,560 | Loss 1.9468 | LR 4.01e-05 | Tokens/s  214,226 | Total 41.48B tokens
Step 39,580 | Loss 1.8068 | LR 4.00e-05 | Tokens/s  213,974 | Total 41.50B tokens
Step 39,600 | Loss 1.8277 | LR 3.99e-05 | Tokens/s  214,146 | Total 41.52B tokens
Step 39,620 | Loss 1.8262 | LR 3.98e-05 | Tokens/s  214,715 | Total 41.54B tokens
Step 39,640 | Loss 1.8923 | LR 3.98e-05 | Tokens/s  213,978 | Total 41.57B tokens
Step 39,660 | Loss 1.8438 | LR 3.97e-05 | Tokens/s  214,283 | Total 41.59B tokens
Step 39,680 | Loss 1.7138 | LR 3.96e-05 | Tokens/s  214,068 | Total 41.61B tokens
Step 39,700 | Loss 1.9416 | LR 3.96e-05 | Tokens/s  214,668 | Total 41.63B tokens
Step 39,720 | Loss 1.8794 | LR 3.95e-05 | Tokens/s  214,261 | Total 41.65B tokens
Step 39,740 | Loss 1.8814 | LR 3.94e-05 | Tokens/s  214,678 | Total 41.67B tokens
Step 39,760 | Loss 1.7654 | LR 3.93e-05 | Tokens/s  214,086 | Total 41.69B tokens
Step 39,780 | Loss 1.9309 | LR 3.93e-05 | Tokens/s  214,650 | Total 41.71B tokens
Step 39,800 | Loss 1.9014 | LR 3.92e-05 | Tokens/s  214,721 | Total 41.73B tokens
Step 39,820 | Loss 1.8534 | LR 3.91e-05 | Tokens/s  213,454 | Total 41.75B tokens
Step 39,840 | Loss 1.8564 | LR 3.91e-05 | Tokens/s  214,318 | Total 41.78B tokens
Step 39,860 | Loss 1.8816 | LR 3.90e-05 | Tokens/s  214,708 | Total 41.80B tokens
Step 39,880 | Loss 1.9044 | LR 3.89e-05 | Tokens/s  214,681 | Total 41.82B tokens
Step 39,900 | Loss 1.8010 | LR 3.89e-05 | Tokens/s  213,632 | Total 41.84B tokens
Step 39,920 | Loss 1.9098 | LR 3.88e-05 | Tokens/s  214,057 | Total 41.86B tokens
Step 39,940 | Loss 1.9121 | LR 3.87e-05 | Tokens/s  214,676 | Total 41.88B tokens
Step 39,960 | Loss 1.8306 | LR 3.87e-05 | Tokens/s  214,692 | Total 41.90B tokens
Step 39,980 | Loss 1.8641 | LR 3.86e-05 | Tokens/s  213,995 | Total 41.92B tokens
Step 40,000 | Loss 1.8567 | LR 3.85e-05 | Tokens/s  214,673 | Total 41.94B tokens
  Validation: Loss 1.8923 | PPL 6.63
  --- samples @ step 40,000 ---
    'Once upon a time' ->  in the magical land of Techville, there lived two best friends named Max and Alex. They loved exploring new gadgets, apps, and websites together! One day, they
    'The meaning of life is' ->  the question of whether life is an absolute good, a reality of being or both. The point here is that you cannot make a distinction here between existence and t
    'In Python, you can' ->  make a string variable of type string by using the function str().In C, you can use the function str() before assigning a variable to the string. In C, you can
    'The theory of relativity states that' ->  time and distance are relative to each other. If you’re at 9 o’clock right now and you’re moving forward at 7 m/s, the two are not the same.\n\nYou’ve also got
    'def fibonacci(n):' -> \n    if n<=0:\n        print("n cannot be 0")\n        return\n    return fibonacci(n-1) + fibonacci(n-2)\nfibonacci = lambda n:(lambda x:(x**3)-(x**2))(
  Checkpoint saved: step_40000.pt
Step 40,020 | Loss 1.9762 | LR 3.84e-05 | Tokens/s  178,372 | Total 41.96B tokens
Step 40,040 | Loss 1.8264 | LR 3.84e-05 | Tokens/s  214,692 | Total 41.98B tokens
Step 40,060 | Loss 1.9301 | LR 3.83e-05 | Tokens/s  214,251 | Total 42.01B tokens
Step 40,080 | Loss 1.9158 | LR 3.82e-05 | Tokens/s  214,181 | Total 42.03B tokens
Step 40,100 | Loss 1.8813 | LR 3.82e-05 | Tokens/s  213,992 | Total 42.05B tokens
Step 40,120 | Loss 1.8042 | LR 3.81e-05 | Tokens/s  214,662 | Total 42.07B tokens
Step 40,140 | Loss 1.9814 | LR 3.80e-05 | Tokens/s  214,195 | Total 42.09B tokens
Step 40,160 | Loss 1.7968 | LR 3.80e-05 | Tokens/s  213,997 | Total 42.11B tokens
Step 40,180 | Loss 1.8801 | LR 3.79e-05 | Tokens/s  214,217 | Total 42.13B tokens
Step 40,200 | Loss 1.9869 | LR 3.79e-05 | Tokens/s  214,816 | Total 42.15B tokens
Step 40,220 | Loss 1.8598 | LR 3.78e-05 | Tokens/s  214,799 | Total 42.17B tokens
Step 40,240 | Loss 1.7824 | LR 3.77e-05 | Tokens/s  214,403 | Total 42.19B tokens
Step 40,260 | Loss 1.8551 | LR 3.77e-05 | Tokens/s  214,166 | Total 42.22B tokens
Step 40,280 | Loss 1.8186 | LR 3.76e-05 | Tokens/s  213,755 | Total 42.24B tokens
Step 40,300 | Loss 1.8142 | LR 3.75e-05 | Tokens/s  214,775 | Total 42.26B tokens
Step 40,320 | Loss 1.9582 | LR 3.75e-05 | Tokens/s  214,079 | Total 42.28B tokens
Step 40,340 | Loss 1.6847 | LR 3.74e-05 | Tokens/s  214,873 | Total 42.30B tokens
Step 40,360 | Loss 2.0490 | LR 3.73e-05 | Tokens/s  213,409 | Total 42.32B tokens
Step 40,380 | Loss 1.9266 | LR 3.73e-05 | Tokens/s  214,808 | Total 42.34B tokens
Step 40,400 | Loss 1.8914 | LR 3.72e-05 | Tokens/s  214,774 | Total 42.36B tokens
Step 40,420 | Loss 1.9319 | LR 3.72e-05 | Tokens/s  214,301 | Total 42.38B tokens
Step 40,440 | Loss 1.8879 | LR 3.71e-05 | Tokens/s  214,067 | Total 42.40B tokens
Step 40,460 | Loss 1.9685 | LR 3.70e-05 | Tokens/s  214,733 | Total 42.43B tokens
Step 40,480 | Loss 1.8022 | LR 3.70e-05 | Tokens/s  214,682 | Total 42.45B tokens
Step 40,500 | Loss 1.7574 | LR 3.69e-05 | Tokens/s  213,022 | Total 42.47B tokens
Step 40,520 | Loss 1.8158 | LR 3.69e-05 | Tokens/s  214,341 | Total 42.49B tokens
Step 40,540 | Loss 1.9083 | LR 3.68e-05 | Tokens/s  214,744 | Total 42.51B tokens
Step 40,560 | Loss 1.9098 | LR 3.67e-05 | Tokens/s  214,631 | Total 42.53B tokens
Step 40,580 | Loss 1.9408 | LR 3.67e-05 | Tokens/s  213,546 | Total 42.55B tokens
Step 40,600 | Loss 1.7203 | LR 3.66e-05 | Tokens/s  214,151 | Total 42.57B tokens
Step 40,620 | Loss 1.8643 | LR 3.66e-05 | Tokens/s  214,821 | Total 42.59B tokens
Step 40,640 | Loss 1.8350 | LR 3.65e-05 | Tokens/s  214,758 | Total 42.61B tokens
Step 40,660 | Loss 1.8051 | LR 3.64e-05 | Tokens/s  213,974 | Total 42.64B tokens
Step 40,680 | Loss 1.8631 | LR 3.64e-05 | Tokens/s  214,802 | Total 42.66B tokens
Step 40,700 | Loss 1.9411 | LR 3.63e-05 | Tokens/s  214,194 | Total 42.68B tokens
Step 40,720 | Loss 1.8812 | LR 3.63e-05 | Tokens/s  214,766 | Total 42.70B tokens
Step 40,740 | Loss 1.7600 | LR 3.62e-05 | Tokens/s  214,169 | Total 42.72B tokens
Step 40,760 | Loss 1.8013 | LR 3.61e-05 | Tokens/s  214,186 | Total 42.74B tokens
Step 40,780 | Loss 1.9297 | LR 3.61e-05 | Tokens/s  214,140 | Total 42.76B tokens
Step 40,800 | Loss 1.8671 | LR 3.60e-05 | Tokens/s  214,816 | Total 42.78B tokens
Step 40,820 | Loss 1.7991 | LR 3.60e-05 | Tokens/s  214,282 | Total 42.80B tokens
Step 40,840 | Loss 1.8751 | LR 3.59e-05 | Tokens/s  214,011 | Total 42.82B tokens
Step 40,860 | Loss 1.9168 | LR 3.59e-05 | Tokens/s  214,196 | Total 42.84B tokens
Step 40,880 | Loss 1.9050 | LR 3.58e-05 | Tokens/s  214,728 | Total 42.87B tokens
Step 40,900 | Loss 1.8650 | LR 3.57e-05 | Tokens/s  214,727 | Total 42.89B tokens
Step 40,920 | Loss 1.8265 | LR 3.57e-05 | Tokens/s  214,204 | Total 42.91B tokens
Step 40,940 | Loss 1.9418 | LR 3.56e-05 | Tokens/s  214,204 | Total 42.93B tokens
Step 40,960 | Loss 1.8969 | LR 3.56e-05 | Tokens/s  214,051 | Total 42.95B tokens
Step 40,980 | Loss 1.9222 | LR 3.55e-05 | Tokens/s  214,676 | Total 42.97B tokens
Step 41,000 | Loss 1.8733 | LR 3.55e-05 | Tokens/s  214,109 | Total 42.99B tokens
  Validation: Loss 1.8600 | PPL 6.42
  --- samples @ step 41,000 ---
    'Once upon a time' ->  (in 2006), a small group of scientists created a device that can measure how much we love a song. The device, called a SoundSense, is a tiny box that you can p
    'The meaning of life is' ->  to have a good time.\n\n    • R. Schneider\n\n      Yeah, so true, but not that easy to measure. It also depends on the individual. Some people just don’t care
    'In Python, you can' ->  use a loop to repeat a certain block of code as many times as needed.\n\nPython is very flexible. You can define a function that generates a random string, or 
    'The theory of relativity states that' ->  light speed is dependent on the speed of the observer. This is known as the special theory of relativity. In relativity, it is assumed that light travels at a 
    'def fibonacci(n):' -> \n    """The Fibonacci sequence is a series of numbers where the sum of the\n    current number and the last number is the third number in the series.\n\n    >>
  Checkpoint saved: step_41000.pt
Step 41,020 | Loss 1.8867 | LR 3.54e-05 | Tokens/s  176,534 | Total 43.01B tokens
Step 41,040 | Loss 1.9731 | LR 3.54e-05 | Tokens/s  213,445 | Total 43.03B tokens
Step 41,060 | Loss 2.0252 | LR 3.53e-05 | Tokens/s  214,587 | Total 43.05B tokens
Step 41,080 | Loss 1.9339 | LR 3.53e-05 | Tokens/s  214,575 | Total 43.08B tokens
Step 41,100 | Loss 1.9163 | LR 3.52e-05 | Tokens/s  213,989 | Total 43.10B tokens
Step 41,120 | Loss 1.7978 | LR 3.51e-05 | Tokens/s  214,285 | Total 43.12B tokens
Step 41,140 | Loss 2.0146 | LR 3.51e-05 | Tokens/s  214,712 | Total 43.14B tokens
Step 41,160 | Loss 1.8173 | LR 3.50e-05 | Tokens/s  214,621 | Total 43.16B tokens
Step 41,180 | Loss 2.0197 | LR 3.50e-05 | Tokens/s  213,642 | Total 43.18B tokens
Step 41,200 | Loss 1.9453 | LR 3.49e-05 | Tokens/s  214,646 | Total 43.20B tokens
Step 41,220 | Loss 2.0021 | LR 3.49e-05 | Tokens/s  214,062 | Total 43.22B tokens
Step 41,240 | Loss 1.9189 | LR 3.48e-05 | Tokens/s  214,811 | Total 43.24B tokens
Step 41,260 | Loss 1.7954 | LR 3.48e-05 | Tokens/s  214,700 | Total 43.26B tokens
Step 41,280 | Loss 1.7909 | LR 3.47e-05 | Tokens/s  214,121 | Total 43.29B tokens
Step 41,300 | Loss 1.8536 | LR 3.47e-05 | Tokens/s  214,097 | Total 43.31B tokens
Step 41,320 | Loss 1.8332 | LR 3.46e-05 | Tokens/s  214,711 | Total 43.33B tokens
Step 41,340 | Loss 1.8025 | LR 3.46e-05 | Tokens/s  214,791 | Total 43.35B tokens
Step 41,360 | Loss 1.9778 | LR 3.45e-05 | Tokens/s  213,946 | Total 43.37B tokens
Step 41,380 | Loss 1.9334 | LR 3.45e-05 | Tokens/s  214,317 | Total 43.39B tokens
Step 41,400 | Loss 1.7939 | LR 3.44e-05 | Tokens/s  214,720 | Total 43.41B tokens
Step 41,420 | Loss 1.8640 | LR 3.44e-05 | Tokens/s  214,199 | Total 43.43B tokens
Step 41,440 | Loss 2.0835 | LR 3.43e-05 | Tokens/s  214,290 | Total 43.45B tokens
Step 41,460 | Loss 1.7943 | LR 3.43e-05 | Tokens/s  214,045 | Total 43.47B tokens
Step 41,480 | Loss 1.8896 | LR 3.42e-05 | Tokens/s  214,750 | Total 43.49B tokens
Step 41,500 | Loss 1.9044 | LR 3.42e-05 | Tokens/s  214,131 | Total 43.52B tokens
Step 41,520 | Loss 1.9071 | LR 3.41e-05 | Tokens/s  214,016 | Total 43.54B tokens
Step 41,540 | Loss 1.8865 | LR 3.41e-05 | Tokens/s  214,658 | Total 43.56B tokens
Step 41,560 | Loss 1.7576 | LR 3.41e-05 | Tokens/s  214,149 | Total 43.58B tokens
Step 41,580 | Loss 1.8818 | LR 3.40e-05 | Tokens/s  214,586 | Total 43.60B tokens
Step 41,600 | Loss 2.0552 | LR 3.40e-05 | Tokens/s  214,514 | Total 43.62B tokens
Step 41,620 | Loss 1.9174 | LR 3.39e-05 | Tokens/s  214,275 | Total 43.64B tokens
Step 41,640 | Loss 1.9735 | LR 3.39e-05 | Tokens/s  213,500 | Total 43.66B tokens
Step 41,660 | Loss 1.8697 | LR 3.38e-05 | Tokens/s  214,746 | Total 43.68B tokens
Step 41,680 | Loss 1.9584 | LR 3.38e-05 | Tokens/s  214,776 | Total 43.70B tokens
Step 41,700 | Loss 1.8915 | LR 3.37e-05 | Tokens/s  214,043 | Total 43.73B tokens
Step 41,720 | Loss 1.8515 | LR 3.37e-05 | Tokens/s  213,566 | Total 43.75B tokens
Step 41,740 | Loss 1.8390 | LR 3.36e-05 | Tokens/s  214,574 | Total 43.77B tokens
Step 41,760 | Loss 1.8082 | LR 3.36e-05 | Tokens/s  214,673 | Total 43.79B tokens
Step 41,780 | Loss 1.9557 | LR 3.36e-05 | Tokens/s  214,078 | Total 43.81B tokens
Step 41,800 | Loss 1.8963 | LR 3.35e-05 | Tokens/s  213,980 | Total 43.83B tokens
Step 41,820 | Loss 1.8121 | LR 3.35e-05 | Tokens/s  214,756 | Total 43.85B tokens
Step 41,840 | Loss 1.8043 | LR 3.34e-05 | Tokens/s  214,723 | Total 43.87B tokens
Step 41,860 | Loss 1.8342 | LR 3.34e-05 | Tokens/s  214,198 | Total 43.89B tokens
Step 41,880 | Loss 1.9725 | LR 3.33e-05 | Tokens/s  214,187 | Total 43.91B tokens
Step 41,900 | Loss 1.9553 | LR 3.33e-05 | Tokens/s  214,108 | Total 43.94B tokens
Step 41,920 | Loss 1.9717 | LR 3.33e-05 | Tokens/s  214,723 | Total 43.96B tokens
Step 41,940 | Loss 1.7997 | LR 3.32e-05 | Tokens/s  214,594 | Total 43.98B tokens
Step 41,960 | Loss 1.9806 | LR 3.32e-05 | Tokens/s  213,486 | Total 44.00B tokens
Step 41,980 | Loss 1.8136 | LR 3.31e-05 | Tokens/s  214,100 | Total 44.02B tokens
Step 42,000 | Loss 1.9398 | LR 3.31e-05 | Tokens/s  214,748 | Total 44.04B tokens
  Validation: Loss 1.9763 | PPL 7.22
  --- samples @ step 42,000 ---
    'Once upon a time' -> , in a faraway galaxy, there was a curious being named Bob. One day, Bob decided to visit Earth to learn about its inhabitants and their ways of life. As Bob de
    'The meaning of life is' ->  not something that can be known.\n\n\nWhat is life?\n\n\n\n\n\n\n\n\n\n\n\n\n\n\n\n\n\n13. What is the meaning of life?\n\n\n\n\n\n\n\n\n\n\n\n\n\n\n\n\n\n\n\n
    'In Python, you can' ->  only have one tuple as an argument.\n\nIf you don't, you have to use a tuple instead of a list. For example:\n\na = (5,)\nb = (6,)\n\nIf you try\n\na = (5, 6)\
    'The theory of relativity states that' ->  a moving body is affected by forces (gravity) acting at a certain speed according to the law of  (1908)  (2819)\n\n  9. the theory of relativity gives us the i
    'def fibonacci(n):' ->  if n == 0: return 0 else: return 1 + fibonacci(n - 1) return fibonacci(n) end # A1: A1-10: 34 2 4 3 1 5 2 4 3 1 
  Checkpoint saved: step_42000.pt
Step 42,020 | Loss 1.9674 | LR 3.30e-05 | Tokens/s  178,084 | Total 44.06B tokens
Step 42,040 | Loss 1.7690 | LR 3.30e-05 | Tokens/s  213,886 | Total 44.08B tokens
Step 42,060 | Loss 1.8743 | LR 3.30e-05 | Tokens/s  214,236 | Total 44.10B tokens
Step 42,080 | Loss 1.9369 | LR 3.29e-05 | Tokens/s  214,648 | Total 44.12B tokens
Step 42,100 | Loss 1.9216 | LR 3.29e-05 | Tokens/s  214,180 | Total 44.15B tokens
Step 42,120 | Loss 1.9499 | LR 3.28e-05 | Tokens/s  214,331 | Total 44.17B tokens
Step 42,140 | Loss 1.8241 | LR 3.28e-05 | Tokens/s  214,063 | Total 44.19B tokens
Step 42,160 | Loss 1.9219 | LR 3.28e-05 | Tokens/s  214,755 | Total 44.21B tokens
Step 42,180 | Loss 1.8863 | LR 3.27e-05 | Tokens/s  214,200 | Total 44.23B tokens
Step 42,200 | Loss 1.8513 | LR 3.27e-05 | Tokens/s  214,072 | Total 44.25B tokens
Step 42,220 | Loss 1.6883 | LR 3.27e-05 | Tokens/s  214,787 | Total 44.27B tokens
Step 42,240 | Loss 1.7828 | LR 3.26e-05 | Tokens/s  214,399 | Total 44.29B tokens
Step 42,260 | Loss 1.9956 | LR 3.26e-05 | Tokens/s  214,749 | Total 44.31B tokens
Step 42,280 | Loss 1.8845 | LR 3.25e-05 | Tokens/s  214,755 | Total 44.33B tokens
Step 42,300 | Loss 1.8436 | LR 3.25e-05 | Tokens/s  214,170 | Total 44.35B tokens
Step 42,320 | Loss 1.8591 | LR 3.25e-05 | Tokens/s  213,535 | Total 44.38B tokens
Step 42,340 | Loss 1.9144 | LR 3.24e-05 | Tokens/s  214,823 | Total 44.40B tokens
Step 42,360 | Loss 1.9002 | LR 3.24e-05 | Tokens/s  214,835 | Total 44.42B tokens
Step 42,380 | Loss 1.7797 | LR 3.24e-05 | Tokens/s  214,044 | Total 44.44B tokens
Step 42,400 | Loss 1.8995 | LR 3.23e-05 | Tokens/s  214,737 | Total 44.46B tokens
Step 42,420 | Loss 1.7931 | LR 3.23e-05 | Tokens/s  214,222 | Total 44.48B tokens
Step 42,440 | Loss 1.8955 | LR 3.23e-05 | Tokens/s  214,839 | Total 44.50B tokens
Step 42,460 | Loss 1.9119 | LR 3.22e-05 | Tokens/s  214,840 | Total 44.52B tokens
Step 42,480 | Loss 1.8703 | LR 3.22e-05 | Tokens/s  213,503 | Total 44.54B tokens
Step 42,500 | Loss 1.8477 | LR 3.21e-05 | Tokens/s  214,815 | Total 44.56B tokens
Step 42,520 | Loss 1.9863 | LR 3.21e-05 | Tokens/s  214,772 | Total 44.59B tokens
Step 42,540 | Loss 1.9452 | LR 3.21e-05 | Tokens/s  214,029 | Total 44.61B tokens
Step 42,560 | Loss 1.8439 | LR 3.20e-05 | Tokens/s  214,277 | Total 44.63B tokens
Step 42,580 | Loss 1.8623 | LR 3.20e-05 | Tokens/s  214,236 | Total 44.65B tokens
Step 42,600 | Loss 1.8507 | LR 3.20e-05 | Tokens/s  214,813 | Total 44.67B tokens
Step 42,620 | Loss 1.8723 | LR 3.19e-05 | Tokens/s  214,802 | Total 44.69B tokens
Step 42,640 | Loss 1.8782 | LR 3.19e-05 | Tokens/s  213,550 | Total 44.71B tokens
Step 42,660 | Loss 1.9257 | LR 3.19e-05 | Tokens/s  214,015 | Total 44.73B tokens
Step 42,680 | Loss 1.9146 | LR 3.18e-05 | Tokens/s  214,776 | Total 44.75B tokens
Step 42,700 | Loss 1.8708 | LR 3.18e-05 | Tokens/s  214,779 | Total 44.77B tokens
Step 42,720 | Loss 1.7881 | LR 3.18e-05 | Tokens/s  214,012 | Total 44.80B tokens
Step 42,740 | Loss 1.9182 | LR 3.18e-05 | Tokens/s  214,778 | Total 44.82B tokens
Step 42,760 | Loss 1.9693 | LR 3.17e-05 | Tokens/s  214,243 | Total 44.84B tokens
Step 42,780 | Loss 1.9164 | LR 3.17e-05 | Tokens/s  213,798 | Total 44.86B tokens
Step 42,800 | Loss 1.7703 | LR 3.17e-05 | Tokens/s  214,682 | Total 44.88B tokens
Step 42,820 | Loss 1.9358 | LR 3.16e-05 | Tokens/s  214,060 | Total 44.90B tokens
Step 42,840 | Loss 1.9008 | LR 3.16e-05 | Tokens/s  214,145 | Total 44.92B tokens
Step 42,860 | Loss 1.9433 | LR 3.16e-05 | Tokens/s  214,199 | Total 44.94B tokens
Step 42,880 | Loss 1.9617 | LR 3.15e-05 | Tokens/s  214,788 | Total 44.96B tokens
Step 42,900 | Loss 1.9404 | LR 3.15e-05 | Tokens/s  213,995 | Total 44.98B tokens
Step 42,920 | Loss 1.9281 | LR 3.15e-05 | Tokens/s  214,248 | Total 45.00B tokens
Step 42,940 | Loss 1.7649 | LR 3.15e-05 | Tokens/s  214,935 | Total 45.03B tokens
Step 42,960 | Loss 1.8787 | LR 3.14e-05 | Tokens/s  214,818 | Total 45.05B tokens
Step 42,980 | Loss 1.9914 | LR 3.14e-05 | Tokens/s  214,270 | Total 45.07B tokens
Step 43,000 | Loss 1.9042 | LR 3.14e-05 | Tokens/s  214,274 | Total 45.09B tokens
  Validation: Loss 1.8769 | PPL 6.53
  --- samples @ step 43,000 ---
    'Once upon a time' -> , I was a curious 17-year-old coding enthusiast who spent countless hours on various programming languages, including Python, R, and Java. As an avid participan
    'The meaning of life is' ->  to exist and to die.\n\n\n                                                       
    'In Python, you can' ->  see a list of attributes and their values as follows:\n\n  [\n    { 'name': 'name', 'value': 'Doe' },\n    { 'name': 'age', 'value': 23 },\n    { 'name': 'midd
    'The theory of relativity states that' ->  moving at a constant speed along a straight line is equivalent to being stationary, and that the speed of light is always 3 x 108 m/s.\n\nIn our model of the u
    'def fibonacci(n):' -> \n        if n==0:\n            print("0 is the first element of the sequence")\n            return\n        elif n == 1:\n            print(n)\n        else:\n
  Checkpoint saved: step_43000.pt
Step 43,020 | Loss 1.8769 | LR 3.13e-05 | Tokens/s  170,143 | Total 45.11B tokens
Step 43,040 | Loss 1.9122 | LR 3.13e-05 | Tokens/s  214,536 | Total 45.13B tokens
Step 43,060 | Loss 1.7619 | LR 3.13e-05 | Tokens/s  214,128 | Total 45.15B tokens
Step 43,080 | Loss 1.8481 | LR 3.13e-05 | Tokens/s  214,670 | Total 45.17B tokens
Step 43,100 | Loss 1.8136 | LR 3.12e-05 | Tokens/s  213,457 | Total 45.19B tokens
Step 43,120 | Loss 1.8895 | LR 3.12e-05 | Tokens/s  214,650 | Total 45.21B tokens
Step 43,140 | Loss 1.8248 | LR 3.12e-05 | Tokens/s  214,727 | Total 45.24B tokens
Step 43,160 | Loss 1.7360 | LR 3.12e-05 | Tokens/s  214,040 | Total 45.26B tokens
Step 43,180 | Loss 1.8828 | LR 3.11e-05 | Tokens/s  214,174 | Total 45.28B tokens
Step 43,200 | Loss 1.7973 | LR 3.11e-05 | Tokens/s  214,692 | Total 45.30B tokens
Step 43,220 | Loss 1.7868 | LR 3.11e-05 | Tokens/s  214,700 | Total 45.32B tokens
Step 43,240 | Loss 1.9362 | LR 3.11e-05 | Tokens/s  213,669 | Total 45.34B tokens
Step 43,260 | Loss 1.9643 | LR 3.10e-05 | Tokens/s  214,145 | Total 45.36B tokens
Step 43,280 | Loss 1.8073 | LR 3.10e-05 | Tokens/s  214,692 | Total 45.38B tokens
Step 43,300 | Loss 1.9043 | LR 3.10e-05 | Tokens/s  214,678 | Total 45.40B tokens
Step 43,320 | Loss 1.8490 | LR 3.10e-05 | Tokens/s  213,338 | Total 45.42B tokens
Step 43,340 | Loss 1.8541 | LR 3.09e-05 | Tokens/s  214,229 | Total 45.45B tokens
Step 43,360 | Loss 1.9081 | LR 3.09e-05 | Tokens/s  214,721 | Total 45.47B tokens
Step 43,380 | Loss 1.8396 | LR 3.09e-05 | Tokens/s  214,661 | Total 45.49B tokens
Step 43,400 | Loss 1.8182 | LR 3.09e-05 | Tokens/s  214,114 | Total 45.51B tokens
Step 43,420 | Loss 1.8956 | LR 3.09e-05 | Tokens/s  214,681 | Total 45.53B tokens
Step 43,440 | Loss 1.9224 | LR 3.08e-05 | Tokens/s  214,154 | Total 45.55B tokens
Step 43,460 | Loss 1.8349 | LR 3.08e-05 | Tokens/s  214,099 | Total 45.57B tokens
Step 43,480 | Loss 1.9126 | LR 3.08e-05 | Tokens/s  214,669 | Total 45.59B tokens
Step 43,500 | Loss 1.7990 | LR 3.08e-05 | Tokens/s  214,003 | Total 45.61B tokens
Step 43,520 | Loss 1.7737 | LR 3.08e-05 | Tokens/s  214,272 | Total 45.63B tokens
Step 43,540 | Loss 1.9455 | LR 3.07e-05 | Tokens/s  214,701 | Total 45.65B tokens
Step 43,560 | Loss 1.8000 | LR 3.07e-05 | Tokens/s  214,042 | Total 45.68B tokens
Step 43,580 | Loss 1.9326 | LR 3.07e-05 | Tokens/s  214,203 | Total 45.70B tokens
Step 43,600 | Loss 1.9263 | LR 3.07e-05 | Tokens/s  214,724 | Total 45.72B tokens
Step 43,620 | Loss 1.9420 | LR 3.07e-05 | Tokens/s  214,268 | Total 45.74B tokens
Step 43,640 | Loss 1.8571 | LR 3.06e-05 | Tokens/s  214,773 | Total 45.76B tokens
Step 43,660 | Loss 2.0353 | LR 3.06e-05 | Tokens/s  214,759 | Total 45.78B tokens
Step 43,680 | Loss 1.9604 | LR 3.06e-05 | Tokens/s  213,431 | Total 45.80B tokens
Step 43,700 | Loss 1.8138 | LR 3.06e-05 | Tokens/s  214,288 | Total 45.82B tokens
Step 43,720 | Loss 1.8751 | LR 3.06e-05 | Tokens/s  214,849 | Total 45.84B tokens
Step 43,740 | Loss 1.8754 | LR 3.05e-05 | Tokens/s  214,041 | Total 45.86B tokens
Step 43,760 | Loss 1.9250 | LR 3.05e-05 | Tokens/s  214,851 | Total 45.89B tokens
Step 43,780 | Loss 1.8953 | LR 3.05e-05 | Tokens/s  213,697 | Total 45.91B tokens
Step 43,800 | Loss 1.7474 | LR 3.05e-05 | Tokens/s  214,813 | Total 45.93B tokens
Step 43,820 | Loss 2.0414 | LR 3.05e-05 | Tokens/s  214,775 | Total 45.95B tokens
Step 43,840 | Loss 1.8687 | LR 3.05e-05 | Tokens/s  213,952 | Total 45.97B tokens
Step 43,860 | Loss 1.8047 | LR 3.04e-05 | Tokens/s  214,281 | Total 45.99B tokens
Step 43,880 | Loss 1.7481 | LR 3.04e-05 | Tokens/s  214,717 | Total 46.01B tokens
Step 43,900 | Loss 1.8503 | LR 3.04e-05 | Tokens/s  214,773 | Total 46.03B tokens
Step 43,920 | Loss 1.8362 | LR 3.04e-05 | Tokens/s  213,618 | Total 46.05B tokens
Step 43,940 | Loss 1.8818 | LR 3.04e-05 | Tokens/s  214,685 | Total 46.07B tokens
Step 43,960 | Loss 1.8746 | LR 3.04e-05 | Tokens/s  214,053 | Total 46.10B tokens
Step 43,980 | Loss 1.8534 | LR 3.04e-05 | Tokens/s  214,718 | Total 46.12B tokens
Step 44,000 | Loss 1.7603 | LR 3.03e-05 | Tokens/s  214,110 | Total 46.14B tokens
  Validation: Loss 1.9036 | PPL 6.71
  --- samples @ step 44,000 ---
    'Once upon a time' ->  there was a group of curious rabbits who loved exploring their world. They spent their days hopping around, playing games, and learning new things every day. O
    'The meaning of life is' ->  that God made humans in his image, and thus we are all in the image of God.\n\n2. What does the phrase "God is love" mean?\n\nIn God's eyes, love has three cha
    'In Python, you can' ->  use the `len()` function to count the number of elements in an array or list, and the `enumerate()` function to get both the index and the value of each elemen
    'The theory of relativity states that' ->  time and space are interdependent, and the speed of light can not be constant.  There are many questions in the theory, but there is no answer to it.  (I have 
    'def fibonacci(n):' ->  assert 0 <= n < 1000\ndef test():\n    # The output is "def fibonacci(n): assert 0 <= n < 1000"\n    assert 0 <= fibonacci(1000) <= 1000\n   
  Checkpoint saved: step_44000.pt
Step 44,020 | Loss 1.9760 | LR 3.03e-05 | Tokens/s  176,987 | Total 46.16B tokens
Step 44,040 | Loss 1.8852 | LR 3.03e-05 | Tokens/s  214,736 | Total 46.18B tokens
Step 44,060 | Loss 1.8962 | LR 3.03e-05 | Tokens/s  214,755 | Total 46.20B tokens
Step 44,080 | Loss 1.8444 | LR 3.03e-05 | Tokens/s  213,222 | Total 46.22B tokens
Step 44,100 | Loss 1.7398 | LR 3.03e-05 | Tokens/s  214,652 | Total 46.24B tokens
Step 44,120 | Loss 1.9325 | LR 3.03e-05 | Tokens/s  214,072 | Total 46.26B tokens
Step 44,140 | Loss 1.9712 | LR 3.03e-05 | Tokens/s  214,715 | Total 46.28B tokens
Step 44,160 | Loss 1.7959 | LR 3.02e-05 | Tokens/s  214,681 | Total 46.31B tokens
Step 44,180 | Loss 1.8269 | LR 3.02e-05 | Tokens/s  214,022 | Total 46.33B tokens
Step 44,200 | Loss 1.8502 | LR 3.02e-05 | Tokens/s  214,332 | Total 46.35B tokens
Step 44,220 | Loss 1.8408 | LR 3.02e-05 | Tokens/s  214,851 | Total 46.37B tokens
Step 44,240 | Loss 1.8362 | LR 3.02e-05 | Tokens/s  213,751 | Total 46.39B tokens
Step 44,260 | Loss 1.9048 | LR 3.02e-05 | Tokens/s  213,928 | Total 46.41B tokens
Step 44,280 | Loss 1.8628 | LR 3.02e-05 | Tokens/s  214,623 | Total 46.43B tokens
Step 44,300 | Loss 1.8398 | LR 3.02e-05 | Tokens/s  214,199 | Total 46.45B tokens
Step 44,320 | Loss 1.8856 | LR 3.02e-05 | Tokens/s  213,535 | Total 46.47B tokens
Step 44,340 | Loss 1.9244 | LR 3.02e-05 | Tokens/s  214,535 | Total 46.49B tokens
Step 44,360 | Loss 1.8656 | LR 3.01e-05 | Tokens/s  214,221 | Total 46.51B tokens
Step 44,380 | Loss 1.7685 | LR 3.01e-05 | Tokens/s  214,080 | Total 46.54B tokens
Step 44,400 | Loss 1.9059 | LR 3.01e-05 | Tokens/s  214,831 | Total 46.56B tokens
Step 44,420 | Loss 1.8518 | LR 3.01e-05 | Tokens/s  214,775 | Total 46.58B tokens
Step 44,440 | Loss 1.9941 | LR 3.01e-05 | Tokens/s  214,438 | Total 46.60B tokens
Step 44,460 | Loss 1.8868 | LR 3.01e-05 | Tokens/s  213,762 | Total 46.62B tokens
Step 44,480 | Loss 1.8429 | LR 3.01e-05 | Tokens/s  214,962 | Total 46.64B tokens
Step 44,500 | Loss 1.9122 | LR 3.01e-05 | Tokens/s  214,991 | Total 46.66B tokens
Step 44,520 | Loss 1.8216 | LR 3.01e-05 | Tokens/s  214,316 | Total 46.68B tokens
Step 44,540 | Loss 1.8164 | LR 3.01e-05 | Tokens/s  213,480 | Total 46.70B tokens
Step 44,560 | Loss 1.9757 | LR 3.01e-05 | Tokens/s  214,891 | Total 46.72B tokens
Step 44,580 | Loss 1.8786 | LR 3.01e-05 | Tokens/s  214,866 | Total 46.75B tokens
Step 44,600 | Loss 1.8635 | LR 3.01e-05 | Tokens/s  214,465 | Total 46.77B tokens
Step 44,620 | Loss 1.7580 | LR 3.00e-05 | Tokens/s  214,924 | Total 46.79B tokens
Step 44,640 | Loss 1.8219 | LR 3.00e-05 | Tokens/s  214,195 | Total 46.81B tokens
Step 44,660 | Loss 1.9051 | LR 3.00e-05 | Tokens/s  214,960 | Total 46.83B tokens
Step 44,680 | Loss 1.9198 | LR 3.00e-05 | Tokens/s  214,886 | Total 46.85B tokens
Step 44,700 | Loss 1.7356 | LR 3.00e-05 | Tokens/s  213,348 | Total 46.87B tokens
Step 44,720 | Loss 1.8916 | LR 3.00e-05 | Tokens/s  214,512 | Total 46.89B tokens
Step 44,740 | Loss 1.9499 | LR 3.00e-05 | Tokens/s  214,858 | Total 46.91B tokens
Step 44,760 | Loss 1.9309 | LR 3.00e-05 | Tokens/s  214,775 | Total 46.93B tokens
Step 44,780 | Loss 1.8907 | LR 3.00e-05 | Tokens/s  213,008 | Total 46.96B tokens
Step 44,800 | Loss 1.9185 | LR 3.00e-05 | Tokens/s  214,595 | Total 46.98B tokens
Step 44,820 | Loss 1.9620 | LR 3.00e-05 | Tokens/s  214,331 | Total 47.00B tokens
Step 44,840 | Loss 1.8066 | LR 3.00e-05 | Tokens/s  214,973 | Total 47.02B tokens
Step 44,860 | Loss 1.8640 | LR 3.00e-05 | Tokens/s  214,890 | Total 47.04B tokens
Step 44,880 | Loss 1.9196 | LR 3.00e-05 | Tokens/s  213,711 | Total 47.06B tokens
Step 44,900 | Loss 1.9595 | LR 3.00e-05 | Tokens/s  214,949 | Total 47.08B tokens
Step 44,920 | Loss 1.8059 | LR 3.00e-05 | Tokens/s  214,027 | Total 47.10B tokens
Step 44,940 | Loss 1.9827 | LR 3.00e-05 | Tokens/s  214,389 | Total 47.12B tokens
Step 44,960 | Loss 1.9537 | LR 3.00e-05 | Tokens/s  214,884 | Total 47.14B tokens
Step 44,980 | Loss 1.8701 | LR 3.00e-05 | Tokens/s  214,169 | Total 47.16B tokens
Step 45,000 | Loss 1.9398 | LR 3.00e-05 | Tokens/s  214,274 | Total 47.19B tokens
  Validation: Loss 1.8632 | PPL 6.44
  --- samples @ step 45,000 ---
    'Once upon a time' -> , there was a little girl named Emma. Emma loved to play dress up and put on shows for her family and friends. She would wear beautiful princess gowns and spark
    'The meaning of life is' ->  not a mystery. It's a mystery why everyone has the same idea of what life is supposed to be like. Some people imagine it's about having lots of toys, while oth
    'In Python, you can' ->  access data using indexing. This means that if you have a list of integers, you can find the first element of the list by passing the index value to the list f
    'The theory of relativity states that' ->  the speed of light is a constant no matter how fast you go or which direction you move. It's a consequence of Einstein's Special Theory of Relativity, which st
    'def fibonacci(n):' ->  # This function is used to generate Fibonacci numbers.\n    fib = 0 # Initializes the value of Fibonacci number\n    for i in range(1, n): # This loop will be 
  Checkpoint saved: step_45000.pt

Training complete!
Final validation loss: 1.8963
Final checkpoint saved: checkpoints/run_1b/final.pt
[1;34mwandb[0m: 
[1;34mwandb[0m: 🚀 View run [33mpicotalk-1b-4xh100[0m at: [34mhttps://wandb.ai/thevivekpandey-personal/picotalk/runs/fu27gxpl[0m
[1;34mwandb[0m: Find logs at: [1;35mwandb/run-20260816_150847-fu27gxpl/logs[0m
